Country,1/23/20,1/24/20,1/25/20,1/26/20,1/27/20,1/28/20,1/29/20,1/30/20,1/31/20,2/1/20,2/2/20,2/3/20,2/4/20,2/5/20,2/6/20,2/7/20,2/8/20,2/9/20,2/10/20,2/11/20,2/12/20,2/13/20,2/14/20,2/15/20,2/16/20,2/17/20,2/18/20,2/19/20,2/20/20,2/21/20,2/22/20,2/23/20,2/24/20,2/25/20,2/26/20,2/27/20,2/28/20,2/29/20,3/1/20,3/2/20,3/3/20,3/4/20,3/5/20,3/6/20,3/7/20,3/8/20,3/9/20,3/10/20,3/11/20,3/12/20,3/13/20,3/14/20,3/15/20,3/16/20,3/17/20,3/18/20,3/19/20,3/20/20,3/21/20,3/22/20,3/23/20,3/24/20,3/25/20,3/26/20,3/27/20,3/28/20,3/29/20,3/30/20,3/31/20,4/1/20,4/2/20,4/3/20,4/4/20,4/5/20,4/6/20,4/7/20,4/8/20,4/9/20,4/10/20,4/11/20,4/12/20,4/13/20,4/14/20,4/15/20,4/16/20,4/17/20,4/18/20,4/19/20,4/20/20,4/21/20,4/22/20,4/23/20,4/24/20,4/25/20,4/26/20,4/27/20,4/28/20,4/29/20,4/30/20,5/1/20,5/2/20,5/3/20,5/4/20,5/5/20,5/6/20,5/7/20,5/8/20,5/9/20,5/10/20,5/11/20,5/12/20,5/13/20,5/14/20,5/15/20,5/16/20,5/17/20,5/18/20,5/19/20,5/20/20,5/21/20,5/22/20,5/23/20,5/24/20,5/25/20,5/26/20,5/27/20,5/28/20,5/29/20,5/30/20,5/31/20,6/1/20,6/2/20,6/3/20,6/4/20,6/5/20,6/6/20,6/7/20,6/8/20,6/9/20,6/10/20
Afghanistan,0,0,0,0,0,0,0,0,0,0,0,0,0,0,0,0,0,0,0,0,0,0,0,0,0,0,0,0,0,0,0,0,1,0,0,0,0,0,0,0,0,0,0,0,0,3,0,1,2,0,0,4,5,5,1,0,0,2,0,16,0,34,10,10,16,0,10,50,4,63,36,8,18,50,18,56,21,40,37,34,52,58,49,70,56,66,27,63,30,66,84,103,72,112,68,172,125,111,232,164,134,235,190,330,168,171,215,255,369,285,276,263,413,414,349,262,408,581,492,531,540,782,584,591,658,625,580,623,866,680,545,759,758,787,915,582,791,575,542,683
Albania,0,0,0,0,0,0,0,0,0,0,0,0,0,0,0,0,0,0,0,0,0,0,0,0,0,0,0,0,0,0,0,0,0,0,0,0,0,0,0,0,0,0,0,0,0,0,2,8,2,11,10,5,4,9,4,4,5,6,6,13,15,19,23,28,12,11,15,11,20,16,18,27,29,28,16,6,17,9,7,17,13,21,8,19,24,21,9,14,22,25,25,29,15,34,14,10,14,16,7,9,7,6,8,17,12,10,8,6,12,4,4,4,18,18,17,13,2,1,15,5,12,8,9,6,25,21,26,23,23,15,6,21,20,13,15,20,14,17,36,42
Algeria,0,0,0,0,0,0,0,0,0,0,0,0,0,0,0,0,0,0,0,0,0,0,0,0,0,0,0,0,0,0,0,0,0,1,0,0,0,0,0,2,2,7,0,5,0,2,1,0,0,4,2,11,11,6,6,14,13,3,49,62,29,34,38,65,42,45,57,73,132,131,139,185,80,69,103,45,104,94,95,64,89,69,87,90,108,150,116,95,89,93,99,97,120,129,126,135,132,199,158,148,141,179,174,190,159,185,187,189,165,168,176,186,189,187,192,198,182,176,165,186,190,195,193,197,194,160,140,137,133,127,119,113,107,98,104,115,104,111,117,102
Andorra,0,0,0,0,0,0,0,0,0,0,0,0,0,0,0,0,0,0,0,0,0,0,0,0,0,0,0,0,0,0,0,0,0,0,0,0,0,0,0,1,0,0,0,0,0,0,0,0,0,0,0,0,0,1,37,0,14,22,13,25,20,31,24,36,43,41,26,36,6,14,38,11,27,35,24,20,19,19,18,0,37,8,13,14,0,23,8,9,4,0,6,0,8,7,0,5,0,0,2,0,2,1,2,1,0,1,0,2,1,0,3,2,1,0,0,0,0,0,1,0,0,0,0,1,0,0,0,1,0,0,1,79,7,1,0,0,0,0,0,0
Angola,0,0,0,0,0,0,0,0,0,0,0,0,0,0,0,0,0,0,0,0,0,0,0,0,0,0,0,0,0,0,0,0,0,0,0,0,0,0,0,0,0,0,0,0,0,0,0,0,0,0,0,0,0,0,0,0,0,1,1,0,1,0,0,1,0,1,2,0,0,1,0,0,2,4,2,1,2,0,0,0,0,0,0,0,0,0,5,0,0,0,1,0,0,0,1,1,0,0,0,3,5,0,0,1,0,0,7,0,2,0,0,0,3,0,0,0,2,2,0,6,2,1,8,1,0,1,3,7,3,2,0,0,0,0,0,2,3,1,4,17
Antigua and Barbuda,0,0,0,0,0,0,0,0,0,0,0,0,0,0,0,0,0,0,0,0,0,0,0,0,0,0,0,0,0,0,0,0,0,0,0,0,0,0,0,0,0,0,0,0,0,0,0,0,0,0,1,0,0,0,0,0,0,0,0,0,2,0,0,4,0,0,0,0,0,0,2,6,0,0,0,4,0,0,0,2,0,2,0,0,0,0,0,0,0,0,1,0,0,0,0,0,0,0,0,1,0,0,0,0,0,0,0,0,0,0,0,0,0,0,0,0,0,0,0,0,0,0,0,0,0,0,0,0,0,1,0,0,0,0,0,0,0,0,0,0
Argentina,0,0,0,0,0,0,0,0,0,0,0,0,0,0,0,0,0,0,0,0,0,0,0,0,0,0,0,0,0,0,0,0,0,0,0,0,0,0,0,0,1,0,0,1,6,4,0,5,2,0,12,3,11,11,12,11,18,31,30,108,35,86,0,115,87,101,55,75,234,0,79,132,186,0,103,74,87,80,180,0,167,66,69,166,128,98,89,81,102,90,113,291,172,173,112,111,124,158,143,104,149,102,104,133,188,163,240,165,258,244,285,316,255,345,326,263,303,438,474,648,718,704,723,552,600,705,769,717,795,637,564,904,949,929,840,983,774,826,1141,1226
Armenia,0,0,0,0,0,0,0,0,0,0,0,0,0,0,0,0,0,0,0,0,0,0,0,0,0,0,0,0,0,0,0,0,0,0,0,0,0,0,1,0,0,0,0,0,0,0,0,0,0,3,4,10,8,26,26,6,31,21,24,34,41,14,16,25,39,78,17,58,50,39,92,73,34,52,11,20,28,40,16,30,46,26,28,44,48,42,47,43,48,62,72,50,73,81,69,62,59,65,134,82,125,113,121,112,163,102,145,146,138,79,146,180,142,184,239,189,351,218,230,335,322,374,359,452,289,372,442,460,251,355,210,517,515,697,596,547,766,195,350,428
Australia,0,0,0,4,1,0,1,3,0,3,0,0,1,0,1,1,0,0,0,0,0,0,0,0,0,0,0,0,0,0,0,0,0,0,0,0,0,10,2,3,9,13,3,5,3,13,15,16,21,0,72,50,47,80,75,116,113,110,280,478,133,362,320,446,333,497,344,377,198,303,254,214,220,137,110,98,115,98,107,88,12,36,64,25,22,60,46,42,13,22,7,10,15,17,20,7,23,8,14,12,21,23,25,28,19,19,5,21,9,22,10,9,30,16,9,10,14,4,9,14,4,15,0,12,13,11,15,19,8,10,19,8,11,7,5,7,6,2,7,11
Austria,0,0,0,0,0,0,0,0,0,0,0,0,0,0,0,0,0,0,0,0,0,0,0,0,0,0,0,0,0,0,0,0,0,2,0,1,0,6,5,4,3,8,12,14,24,25,27,51,64,56,202,151,205,158,314,314,367,375,426,768,892,809,305,1321,748,614,517,830,562,531,418,395,257,270,246,342,303,302,311,251,139,96,185,110,140,119,76,78,46,78,52,77,69,77,77,49,83,45,50,79,27,39,24,29,34,68,22,59,38,11,79,36,61,51,92,41,27,52,32,51,32,50,17,36,18,34,37,27,30,46,2,26,12,34,38,55,4,66,11,26
Azerbaijan,0,0,0,0,0,0,0,0,0,0,0,0,0,0,0,0,0,0,0,0,0,0,0,0,0,0,0,0,0,0,0,0,0,0,0,0,0,0,3,0,0,0,3,0,3,0,0,2,0,0,4,0,8,5,0,0,16,0,9,12,7,15,6,29,43,17,27,64,25,61,41,43,78,63,57,76,105,104,65,67,40,50,49,56,30,57,33,25,38,44,38,30,44,25,28,33,39,49,38,50,40,38,52,76,67,77,75,143,97,70,104,65,121,101,158,136,113,131,113,118,106,127,140,149,132,165,191,230,257,248,168,273,325,262,338,379,314,323,315,339
Bahamas,0,0,0,0,0,0,0,0,0,0,0,0,0,0,0,0,0,0,0,0,0,0,0,0,0,0,0,0,0,0,0,0,0,0,0,0,0,0,0,0,0,0,0,0,0,0,0,0,0,0,0,0,0,1,0,0,2,0,1,0,0,1,0,4,1,0,1,3,0,7,3,0,4,0,1,4,7,1,1,4,0,1,2,0,4,1,1,0,5,5,0,7,1,5,2,0,0,0,1,0,2,0,0,6,3,0,0,0,0,1,0,1,2,0,0,0,0,0,1,0,0,3,0,0,0,0,1,1,0,0,0,0,0,0,0,1,0,0,0,0
Bahrain,0,0,0,0,0,0,0,0,0,0,0,0,0,0,0,0,0,0,0,0,0,0,0,0,0,0,0,0,0,0,0,0,1,22,10,0,3,5,6,2,0,3,3,5,25,0,10,15,85,0,0,15,4,0,14,28,22,7,20,29,43,15,27,39,8,10,23,16,52,2,74,29,16,12,56,55,12,64,38,115,96,225,167,143,29,40,33,108,26,66,54,190,301,70,59,76,88,110,119,130,114,99,150,187,214,265,245,330,167,295,295,285,382,385,164,209,228,348,356,286,240,388,336,33,195,326,360,397,344,605,473,440,504,481,539,548,380,654,314,469
Bangladesh,0,0,0,0,0,0,0,0,0,0,0,0,0,0,0,0,0,0,0,0,0,0,0,0,0,0,0,0,0,0,0,0,0,0,0,0,0,0,0,0,0,0,0,0,0,3,0,0,0,0,0,0,2,3,2,4,3,3,5,2,6,6,0,5,4,0,0,1,2,3,2,5,9,18,35,41,54,112,94,58,139,182,209,219,341,266,306,312,492,434,390,414,503,309,418,497,549,641,564,571,552,665,688,786,790,706,709,636,887,1034,969,1162,1041,1202,930,1273,1602,1251,1617,1773,1694,1873,1532,1975,1166,1541,2029,2523,1764,2545,2381,2911,2695,2423,2828,2635,2743,2735,3171,3190
Barbados,0,0,0,0,0,0,0,0,0,0,0,0,0,0,0,0,0,0,0,0,0,0,0,0,0,0,0,0,0,0,0,0,0,0,0,0,0,0,0,0,0,0,0,0,0,0,0,0,0,0,0,0,0,0,2,0,3,0,1,8,3,1,0,0,6,2,7,0,1,0,12,5,1,4,4,3,0,3,1,1,3,1,0,1,2,0,0,0,0,0,0,1,1,2,0,1,0,0,1,0,0,1,0,0,0,0,1,1,0,0,1,0,0,0,1,2,0,2,0,0,0,2,0,0,0,0,0,0,0,0,0,0,0,0,0,0,0,0,0,4
Belarus,0,0,0,0,0,0,0,0,0,0,0,0,0,0,0,0,0,0,0,0,0,0,0,0,0,0,0,0,0,0,0,0,0,0,0,0,1,0,0,0,0,5,0,0,0,0,0,3,0,3,15,0,0,9,0,15,0,18,7,0,5,0,5,0,8,0,0,58,0,11,141,47,89,122,138,161,205,420,495,245,352,341,362,447,476,575,0,0,1485,459,558,741,751,817,873,826,919,973,846,890,911,877,784,861,905,913,933,951,921,933,967,952,947,958,951,969,922,936,918,945,932,941,954,946,915,897,902,906,894,898,847,852,861,865,887,883,879,823,812,801
Belgium,0,0,0,0,0,0,0,0,0,0,0,0,1,0,0,0,0,0,0,0,0,0,0,0,0,0,0,0,0,0,0,0,0,0,0,0,0,0,1,6,5,10,27,59,60,31,39,28,47,0,245,130,197,172,185,243,309,462,558,586,342,526,668,1298,1049,1850,1702,1063,876,1189,1384,1422,1661,1260,1123,1380,1209,1580,1684,1351,1629,942,530,2454,1236,1329,1045,1313,1487,973,933,908,1496,1032,809,553,647,525,660,513,485,389,361,242,272,639,591,585,485,368,330,202,307,356,345,291,279,232,192,252,276,299,282,250,113,137,257,212,125,195,136,98,70,82,140,165,154,122,89,132
Belize,0,0,0,0,0,0,0,0,0,0,0,0,0,0,0,0,0,0,0,0,0,0,0,0,0,0,0,0,0,0,0,0,0,0,0,0,0,0,0,0,0,0,0,0,0,0,0,0,0,0,0,0,0,0,0,0,0,0,0,0,1,0,1,0,0,0,0,1,0,0,0,1,0,1,2,0,1,1,1,3,1,4,0,0,0,0,0,0,0,0,0,0,0,0,0,0,0,0,0,0,0,0,0,0,0,0,0,0,0,0,0,0,0,0,0,0,0,0,0,0,0,0,0,0,0,0,0,0,0,0,0,0,0,0,1,0,0,0,1,0
Benin,0,0,0,0,0,0,0,0,0,0,0,0,0,0,0,0,0,0,0,0,0,0,0,0,0,0,0,0,0,0,0,0,0,0,0,0,0,0,0,0,0,0,0,0,0,0,0,0,0,0,0,0,0,1,0,1,0,0,0,0,3,1,0,0,0,0,0,0,3,4,0,3,0,6,4,0,0,0,9,0,0,0,0,0,0,0,0,0,19,0,0,0,0,0,10,0,0,0,0,26,0,0,6,0,0,44,102,42,35,0,8,0,12,0,0,0,0,-209,0,5,0,0,56,0,17,2,0,14,0,8,11,1,0,17,0,0,0,27,17,0
Bhutan,0,0,0,0,0,0,0,0,0,0,0,0,0,0,0,0,0,0,0,0,0,0,0,0,0,0,0,0,0,0,0,0,0,0,0,0,0,0,0,0,0,0,0,1,0,0,0,0,0,0,0,0,0,0,0,0,0,1,0,0,0,0,0,0,1,0,1,0,0,0,1,0,0,0,0,0,0,0,0,0,0,0,0,0,0,0,0,0,0,1,0,1,0,0,0,0,0,0,0,0,0,0,0,0,0,0,0,0,0,2,2,4,5,1,0,0,0,0,0,0,0,3,0,3,0,1,3,0,2,10,0,4,0,0,1,0,11,0,0,0
Bolivia,0,0,0,0,0,0,0,0,0,0,0,0,0,0,0,0,0,0,0,0,0,0,0,0,0,0,0,0,0,0,0,0,0,0,0,0,0,0,0,0,0,0,0,0,0,0,0,0,2,0,1,7,0,1,0,1,0,3,4,5,3,2,3,11,18,13,7,16,10,8,8,9,7,18,26,11,16,54,4,7,25,30,24,43,44,24,28,27,44,34,11,94,104,59,84,64,39,57,57,62,241,124,87,121,84,195,185,171,119,275,133,184,224,205,249,262,175,218,438,268,392,336,348,397,476,632,619,344,861,390,549,460,647,607,483,630,285,306,695,637
Bosnia and Herzegovina,0,0,0,0,0,0,0,0,0,0,0,0,0,0,0,0,0,0,0,0,0,0,0,0,0,0,0,0,0,0,0,0,0,0,0,0,0,0,0,0,0,0,2,0,1,0,0,2,2,4,2,5,6,1,1,12,25,26,4,33,10,30,10,15,46,21,65,45,52,39,74,46,45,30,20,90,40,54,43,45,63,28,46,27,57,47,54,17,24,33,26,45,8,65,30,49,20,92,80,24,58,18,69,20,41,40,43,20,27,24,17,23,37,18,31,23,14,17,17,12,22,19,10,5,10,19,27,23,9,16,14,11,16,43,12,0,0,98,24,47
Botswana,0,0,0,0,0,0,0,0,0,0,0,0,0,0,0,0,0,0,0,0,0,0,0,0,0,0,0,0,0,0,0,0,0,0,0,0,0,0,0,0,0,0,0,0,0,0,0,0,0,0,0,0,0,0,0,0,0,0,0,0,0,0,0,0,0,0,0,3,1,0,0,0,0,2,0,0,0,7,0,0,0,0,0,0,2,0,0,5,0,0,2,0,0,0,0,0,1,0,0,0,0,0,0,0,0,0,0,0,0,1,0,0,0,0,0,1,0,0,0,4,1,0,5,0,0,0,0,0,0,0,3,2,0,0,0,0,0,2,0,6
Brazil,0,0,0,0,0,0,0,0,0,0,0,0,0,0,0,0,0,0,0,0,0,0,0,0,0,0,0,0,0,0,0,0,0,0,1,0,0,1,0,0,0,2,0,9,0,7,5,6,7,14,99,0,11,38,121,51,249,172,228,525,378,323,307,431,432,487,352,323,1138,1119,1208,1012,1304,770,1031,1873,2136,1922,1546,1089,1465,1238,1832,3058,2105,3257,2976,1996,2089,2336,2678,4279,4007,5281,3776,4346,5789,6450,7502,5015,4898,4726,6794,6835,11156,9162,11121,9167,6638,6895,8620,11923,13028,17126,13220,7569,14288,16517,19694,18508,20803,16508,15813,11687,16324,20599,26417,26928,33274,16409,11598,28936,28633,30925,30830,27075,18912,15654,32091,32913
Brunei,0,0,0,0,0,0,0,0,0,0,0,0,0,0,0,0,0,0,0,0,0,0,0,0,0,0,0,0,0,0,0,0,0,0,0,0,0,0,0,0,0,0,0,0,0,0,1,0,10,0,26,3,10,4,2,12,7,3,5,5,3,13,5,5,1,5,6,1,2,2,2,1,1,0,0,0,0,0,1,0,0,0,0,0,0,0,1,1,0,0,0,0,0,0,0,0,0,0,0,0,0,0,0,0,1,2,0,0,0,0,0,0,0,0,0,0,0,0,0,0,0,0,0,0,0,0,0,0,0,0,0,0,0,0,0,0,0,0,0,0
Bulgaria,0,0,0,0,0,0,0,0,0,0,0,0,0,0,0,0,0,0,0,0,0,0,0,0,0,0,0,0,0,0,0,0,0,0,0,0,0,0,0,0,0,0,0,0,0,4,0,0,3,0,16,18,10,1,15,25,2,33,36,24,14,17,24,22,29,38,15,13,40,23,35,28,18,28,18,28,16,25,17,26,14,10,28,34,53,46,32,16,35,46,49,73,137,13,53,63,36,48,59,49,39,24,34,52,74,51,43,49,44,25,33,46,31,38,37,36,24,24,33,39,41,36,19,6,10,17,17,8,14,14,6,19,22,25,42,84,16,83,79,104
Burkina Faso,0,0,0,0,0,0,0,0,0,0,0,0,0,0,0,0,0,0,0,0,0,0,0,0,0,0,0,0,0,0,0,0,0,0,0,0,0,0,0,0,0,0,0,0,0,0,0,1,1,0,0,0,1,12,0,5,13,7,24,11,24,15,32,6,28,27,15,24,15,21,6,14,16,27,19,20,30,29,0,41,13,0,31,14,4,11,8,11,5,19,9,7,13,0,3,3,3,3,4,4,3,10,10,16,41,7,8,4,3,9,6,7,0,7,2,14,0,0,13,3,2,0,0,18,0,13,2,0,0,0,0,34,3,1,3,0,1,1,1,0
Burma,0,0,0,0,0,0,0,0,0,0,0,0,0,0,0,0,0,0,0,0,0,0,0,0,0,0,0,0,0,0,0,0,0,0,0,0,0,0,0,0,0,0,0,0,0,0,0,0,0,0,0,0,0,0,0,0,0,0,0,0,0,0,0,0,8,0,2,4,1,0,5,0,1,0,1,0,0,1,4,11,3,21,1,11,11,3,10,13,8,2,2,16,5,2,0,0,4,0,1,0,0,4,6,0,0,15,1,1,2,0,0,1,0,1,0,2,7,2,6,0,0,2,0,2,3,0,0,1,17,0,4,4,1,3,0,4,2,2,2,2
Burundi,0,0,0,0,0,0,0,0,0,0,0,0,0,0,0,0,0,0,0,0,0,0,0,0,0,0,0,0,0,0,0,0,0,0,0,0,0,0,0,0,0,0,0,0,0,0,0,0,0,0,0,0,0,0,0,0,0,0,0,0,0,0,0,0,0,0,0,0,2,0,1,0,0,0,0,0,0,0,0,2,0,0,0,0,0,0,0,0,0,0,6,0,0,0,0,0,0,0,0,0,4,0,0,0,0,0,0,0,0,0,0,0,0,0,0,8,19,0,0,0,0,0,0,0,0,0,0,0,21,0,0,0,0,0,0,20,0,0,0,0
Cabo Verde,0,0,0,0,0,0,0,0,0,0,0,0,0,0,0,0,0,0,0,0,0,0,0,0,0,0,0,0,0,0,0,0,0,0,0,0,0,0,0,0,0,0,0,0,0,0,0,0,0,0,0,0,0,0,0,0,0,1,2,0,0,0,1,0,1,0,1,0,0,0,0,0,1,0,0,0,0,0,0,1,0,2,1,45,0,0,2,3,6,1,5,9,6,2,16,3,5,0,7,1,30,13,10,11,5,27,12,6,10,14,7,22,26,11,2,0,0,7,14,7,6,9,9,10,0,0,0,15,16,14,23,8,11,25,34,6,12,13,18,30
Cambodia,0,0,0,0,1,0,0,0,0,0,0,0,0,0,0,0,0,0,0,0,0,0,0,0,0,0,0,0,0,0,0,0,0,0,0,0,0,0,0,0,0,0,0,0,0,1,0,0,1,0,2,2,0,0,26,2,2,14,2,31,3,4,5,0,3,0,4,4,2,0,1,4,0,0,0,1,2,2,0,1,2,0,0,0,0,0,0,0,0,0,0,0,0,0,0,0,0,0,0,0,0,0,0,0,0,0,0,0,0,0,0,0,0,0,0,0,0,0,0,1,0,1,0,0,0,0,0,0,1,0,0,0,0,0,0,0,1,0,0,0
Cameroon,0,0,0,0,0,0,0,0,0,0,0,0,0,0,0,0,0,0,0,0,0,0,0,0,0,0,0,0,0,0,0,0,0,0,0,0,0,0,0,0,0,0,0,1,0,1,0,0,0,0,0,0,0,2,6,0,3,7,7,13,16,10,9,0,16,0,48,0,54,40,73,203,46,95,8,0,72,0,90,0,0,0,28,0,148,0,21,0,146,0,0,171,96,88,103,84,0,127,0,0,245,0,27,0,161,2,0,7,305,110,0,111,154,151,0,0,424,0,204,555,112,0,490,0,546,0,0,0,468,0,493,188,0,204,603,207,309,152,252,369
Canada,0,0,0,1,0,1,0,0,2,0,0,0,0,1,0,2,0,0,0,0,0,0,0,0,0,1,0,0,0,1,0,0,1,1,0,2,1,6,4,3,3,3,4,12,5,10,13,2,29,9,76,5,54,163,63,179,143,143,334,192,619,702,461,791,640,894,704,1118,1129,1033,1724,1153,541,2778,807,1309,1269,1513,1405,1257,983,1381,1355,1174,2600,2005,1542,1277,2025,1744,2261,1636,1620,1452,1662,1583,1534,1715,1592,1886,1583,2578,1453,1258,1479,1507,1473,1244,1173,1173,1155,1149,1213,1178,1247,1126,1079,1082,1082,1167,1205,1204,955,1013,971,899,987,933,772,798,809,672,681,628,678,528,703,601,462,479
Central African Republic,0,0,0,0,0,0,0,0,0,0,0,0,0,0,0,0,0,0,0,0,0,0,0,0,0,0,0,0,0,0,0,0,0,0,0,0,0,0,0,0,0,0,0,0,0,0,0,0,0,0,0,0,1,0,0,0,0,2,0,0,0,0,0,0,0,0,0,0,0,0,0,5,0,0,0,0,0,0,0,0,0,3,0,1,0,0,0,0,0,2,0,2,0,0,3,0,31,0,0,22,0,0,13,0,9,0,49,0,0,0,0,0,0,158,26,0,0,39,52,18,43,73,52,48,19,31,53,119,88,49,58,0,104,115,163,119,64,216,0,38
Chad,0,0,0,0,0,0,0,0,0,0,0,0,0,0,0,0,0,0,0,0,0,0,0,0,0,0,0,0,0,0,0,0,0,0,0,0,0,0,0,0,0,0,0,0,0,0,0,0,0,0,0,0,0,0,0,0,1,0,0,0,0,2,0,0,0,0,0,2,2,0,1,0,1,0,0,1,0,1,0,0,7,5,0,0,4,0,6,0,0,0,0,0,7,6,0,0,6,0,21,0,44,0,0,53,0,83,7,62,0,0,35,15,27,29,46,29,16,26,20,23,23,37,27,12,13,15,11,33,0,19,12,13,17,8,8,0,1,2,5,2
Chile,0,0,0,0,0,0,0,0,0,0,0,0,0,0,0,0,0,0,0,0,0,0,0,0,0,0,0,0,0,0,0,0,0,0,0,0,0,0,0,0,1,0,3,0,0,4,0,5,10,0,20,18,13,81,46,37,0,196,103,95,114,176,220,164,304,299,230,310,289,293,373,333,424,310,344,301,430,426,529,426,286,312,392,356,534,445,478,358,419,325,464,516,494,552,473,482,552,520,1138,985,1427,1228,980,1373,1032,1533,1391,1247,1647,1197,1658,2660,2659,2502,1886,2353,2278,3520,4038,3964,4276,3536,3709,4895,3964,4328,4654,3695,4220,4830,5470,3528,4942,4664,4207,5246,6405,4696,3913,5697
China,95,277,486,669,802,2632,578,2054,1661,2089,4739,3086,3991,3733,3147,3523,2704,3015,2525,2032,373,15136,6463,2055,2100,1921,1777,408,458,473,1451,21,219,513,412,434,328,428,576,204,125,125,151,153,80,53,37,27,34,11,13,32,26,30,25,44,54,94,55,130,63,93,70,121,115,102,123,76,81,82,71,79,32,59,63,53,91,74,58,73,120,79,93,50,47,357,27,18,12,36,15,16,15,10,3,6,22,4,12,3,0,5,2,2,2,5,1,14,20,1,7,6,5,9,6,10,9,0,0,0,18,3,11,7,1,3,0,17,5,18,8,7,-1,11,6,9,5,4,3,11
Colombia,0,0,0,0,0,0,0,0,0,0,0,0,0,0,0,0,0,0,0,0,0,0,0,0,0,0,0,0,0,0,0,0,0,0,0,0,0,0,0,0,0,0,0,1,0,0,0,2,6,0,4,9,12,20,11,28,9,26,68,35,46,101,92,21,48,69,94,96,108,159,96,106,139,79,94,201,274,169,250,236,67,76,127,126,128,206,0,353,185,172,207,205,320,261,237,218,352,258,300,499,279,383,305,640,346,497,595,444,568,550,659,658,680,606,723,635,721,640,752,643,801,1046,998,806,1022,1101,37,1265,1328,485,2165,1209,1342,1531,3293,0,1390,2698,0,1359
Comoros,0,0,0,0,0,0,0,0,0,0,0,0,0,0,0,0,0,0,0,0,0,0,0,0,0,0,0,0,0,0,0,0,0,0,0,0,0,0,0,0,0,0,0,0,0,0,0,0,0,0,0,0,0,0,0,0,0,0,0,0,0,0,0,0,0,0,0,0,0,0,0,0,0,0,0,0,0,0,0,0,0,0,0,0,0,0,0,0,0,0,0,0,0,0,0,0,0,0,1,0,2,0,0,0,5,0,0,3,0,0,0,0,0,0,0,0,0,0,23,0,44,0,9,0,0,0,0,0,19,0,0,26,0,0,0,9,0,0,0,21
Congo (Brazzaville),0,0,0,0,0,0,0,0,0,0,0,0,0,0,0,0,0,0,0,0,0,0,0,0,0,0,0,0,0,0,0,0,0,0,0,0,0,0,0,0,0,0,0,0,0,0,0,0,0,0,0,0,1,0,0,0,2,0,0,0,1,0,0,0,0,0,15,0,0,0,3,0,0,23,0,0,0,15,0,0,0,0,0,57,0,26,0,0,17,5,21,0,14,0,0,0,7,0,13,9,0,0,7,0,28,0,10,0,0,59,0,0,58,0,0,0,21,8,0,49,0,18,0,0,0,84,0,0,0,40,0,0,0,0,24,48,0,0,45,0
Congo (Kinshasa),0,0,0,0,0,0,0,0,0,0,0,0,0,0,0,0,0,0,0,0,0,0,0,0,0,0,0,0,0,0,0,0,0,0,0,0,0,0,0,0,0,0,0,0,0,0,0,0,1,0,1,0,0,0,1,1,10,4,5,7,6,9,3,3,0,14,0,16,17,11,25,0,20,0,7,19,0,0,35,8,11,1,6,13,13,20,20,20,5,18,9,18,17,22,26,17,12,20,81,32,70,0,8,23,92,66,74,0,54,33,78,67,73,56,157,0,83,91,102,104,110,80,116,156,106,143,114,173,133,104,125,131,169,149,120,114,138,90,153,131
Costa Rica,0,0,0,0,0,0,0,0,0,0,0,0,0,0,0,0,0,0,0,0,0,0,0,0,0,0,0,0,0,0,0,0,0,0,0,0,0,0,0,0,0,0,0,1,0,4,4,0,4,9,1,3,1,8,6,9,19,20,28,17,24,19,24,30,32,32,19,16,17,28,21,20,19,19,13,16,19,37,19,19,18,17,6,8,16,7,6,5,2,7,12,5,1,6,2,2,8,8,6,6,8,6,3,13,6,4,8,7,12,9,3,11,15,13,10,10,3,16,15,6,8,7,12,21,5,28,16,22,25,9,28,21,52,37,34,35,55,24,33,86
Cote d'Ivoire,0,0,0,0,0,0,0,0,0,0,0,0,0,0,0,0,0,0,0,0,0,0,0,0,0,0,0,0,0,0,0,0,0,0,0,0,0,0,0,0,0,0,0,0,0,0,0,0,1,0,0,0,0,0,4,1,3,0,5,0,11,48,7,16,5,0,64,3,11,11,4,24,27,16,62,26,35,60,0,89,41,52,12,0,16,34,113,46,0,69,36,52,73,0,73,14,19,55,37,58,29,36,34,32,52,55,31,65,33,30,127,55,59,46,44,48,10,34,78,70,40,25,10,47,54,79,85,109,49,34,118,73,86,152,169,126,182,142,114,186
Croatia,0,0,0,0,0,0,0,0,0,0,0,0,0,0,0,0,0,0,0,0,0,0,0,0,0,0,0,0,0,0,0,0,0,1,2,0,2,1,1,0,2,1,0,1,1,0,0,2,5,0,13,6,11,8,8,16,24,23,78,48,61,67,60,53,91,71,56,77,77,96,48,68,47,56,40,60,61,64,88,39,66,50,54,37,50,23,18,39,10,27,42,31,28,7,14,9,8,15,14,9,3,8,5,11,7,6,36,15,11,9,11,6,8,1,2,2,2,4,2,3,6,0,1,0,0,0,1,0,1,0,0,0,0,1,0,0,0,0,0,2
Cuba,0,0,0,0,0,0,0,0,0,0,0,0,0,0,0,0,0,0,0,0,0,0,0,0,0,0,0,0,0,0,0,0,0,0,0,0,0,0,0,0,0,0,0,0,0,0,0,0,0,3,1,0,0,0,1,2,4,5,5,14,5,8,9,10,13,39,20,31,16,26,21,36,19,32,30,46,61,58,49,56,49,57,40,48,48,61,63,49,52,50,52,46,50,52,32,20,48,30,34,36,74,38,19,17,18,26,12,13,12,17,21,6,20,10,22,10,9,6,13,8,8,15,10,6,16,11,9,22,20,20,38,9,15,12,14,40,18,9,5,6
Cyprus,0,0,0,0,0,0,0,0,0,0,0,0,0,0,0,0,0,0,0,0,0,0,0,0,0,0,0,0,0,0,0,0,0,0,0,0,0,0,0,0,0,0,0,0,0,0,2,1,3,0,8,12,0,7,13,3,18,0,17,11,21,8,8,14,16,17,35,16,32,58,36,40,30,20,19,29,32,38,31,21,17,29,33,20,20,15,11,6,5,12,6,5,9,6,7,5,15,6,7,7,7,8,2,4,5,6,2,1,6,3,2,2,2,3,4,2,1,1,4,1,4,0,8,2,2,0,2,1,2,0,5,3,6,0,2,0,4,6,2,2
Czechia,0,0,0,0,0,0,0,0,0,0,0,0,0,0,0,0,0,0,0,0,0,0,0,0,0,0,0,0,0,0,0,0,0,0,0,0,0,0,3,0,2,3,4,6,1,12,0,10,50,3,47,48,64,45,98,68,230,139,162,125,116,158,260,271,354,352,186,184,307,200,350,233,381,115,235,195,295,257,163,99,160,68,52,105,217,116,57,140,154,133,99,55,86,79,52,41,59,75,103,55,18,26,38,77,78,57,46,18,28,53,45,48,82,55,49,20,111,61,74,33,59,77,65,47,48,36,54,56,34,38,34,62,74,56,35,38,61,69,54,73
Denmark,0,0,0,0,0,0,0,0,0,0,0,0,0,0,0,0,0,0,0,0,0,0,0,0,0,0,0,0,0,0,0,0,0,0,0,1,0,2,1,0,2,5,0,13,0,13,55,172,180,173,187,32,39,58,92,91,109,112,83,94,58,146,144,161,177,166,198,191,284,251,283,373,323,292,314,391,331,233,184,177,178,144,193,170,198,194,169,143,131,180,217,163,137,235,130,123,153,157,150,153,96,116,147,151,117,145,135,101,110,84,78,76,46,78,67,69,41,76,73,65,48,59,72,27,41,53,32,81,40,36,30,35,37,40,64,49,24,14,39,15
Diamond Princess,0,0,0,0,0,0,0,0,0,0,0,0,0,0,0,61,0,3,71,0,40,0,43,67,70,99,88,79,13,0,0,57,0,0,14,0,0,0,0,0,1,0,0,0,0,0,0,0,0,0,0,0,0,0,0,6,0,0,0,0,0,0,0,0,0,0,0,0,0,0,0,0,0,0,0,0,0,0,0,0,0,0,0,0,0,0,0,0,0,0,0,0,0,0,0,0,0,0,0,0,0,0,0,0,0,0,0,0,0,0,0,0,0,0,0,0,0,0,0,0,0,0,0,0,0,0,0,0,0,0,0,0,0,0,0,0,0,0,0,0
Djibouti,0,0,0,0,0,0,0,0,0,0,0,0,0,0,0,0,0,0,0,0,0,0,0,0,0,0,0,0,0,0,0,0,0,0,0,0,0,0,0,0,0,0,0,0,0,0,0,0,0,0,0,0,0,0,0,1,0,0,0,0,2,0,8,0,1,2,4,0,12,3,7,9,1,9,31,0,45,0,15,37,27,84,65,72,156,141,0,114,0,99,29,12,13,9,15,12,37,5,12,8,15,0,4,4,4,9,2,54,21,17,29,12,16,25,22,70,117,100,210,219,223,0,0,198,0,229,217,0,280,160,215,210,156,119,69,46,38,71,53,42
Dominica,0,0,0,0,0,0,0,0,0,0,0,0,0,0,0,0,0,0,0,0,0,0,0,0,0,0,0,0,0,0,0,0,0,0,0,0,0,0,0,0,0,0,0,0,0,0,0,0,0,0,0,0,0,0,0,0,0,0,0,1,1,0,5,4,0,0,0,0,1,0,0,0,2,0,1,0,0,0,1,0,0,0,0,0,0,0,0,0,0,0,0,0,0,0,0,0,0,0,0,0,0,0,0,0,0,0,0,0,0,0,0,0,0,0,0,0,0,0,0,0,0,0,0,0,0,0,0,0,0,0,0,2,0,0,0,0,0,0,0,0
Dominican Republic,0,0,0,0,0,0,0,0,0,0,0,0,0,0,0,0,0,0,0,0,0,0,0,0,0,0,0,0,0,0,0,0,0,0,0,0,0,0,1,0,0,0,0,1,0,3,0,0,0,0,0,6,0,0,10,0,13,38,40,90,43,67,80,96,93,138,140,42,208,175,96,108,0,257,83,128,155,238,271,139,208,200,119,328,141,371,209,345,284,80,256,243,206,177,209,158,123,236,320,316,290,376,281,245,327,288,281,506,465,287,266,296,124,419,371,204,411,498,254,180,332,433,379,272,191,459,345,463,377,377,287,180,288,279,389,487,405,526,289,393
Ecuador,0,0,0,0,0,0,0,0,0,0,0,0,0,0,0,0,0,0,0,0,0,0,0,0,0,0,0,0,0,0,0,0,0,0,0,0,0,0,6,0,1,3,3,0,0,1,1,0,2,0,0,11,0,9,21,53,88,168,139,283,192,101,91,230,192,228,101,38,278,508,415,205,97,181,101,0,703,515,2196,96,209,63,74,255,367,225,572,446,660,270,452,333,11536,0,0,521,1018,417,259,1402,1128,2074,2343,0,0,-1583,-1480,253,488,-50,910,67,16,965,1296,419,400,569,703,452,522,430,498,599,0,748,368,100,0,527,0,1316,552,0,609,1153,392,258,539,523
Egypt,0,0,0,0,0,0,0,0,0,0,0,0,0,0,0,0,0,0,0,0,0,0,1,0,0,0,0,0,0,0,0,0,0,0,0,0,0,0,1,0,0,0,1,12,0,34,6,4,1,7,13,29,1,40,46,0,60,29,9,33,39,36,54,39,41,40,33,47,54,69,86,120,85,103,149,128,110,139,95,145,126,125,160,155,168,171,188,112,189,157,169,232,201,227,215,248,260,226,269,358,298,272,348,388,387,393,495,488,436,346,347,338,398,399,491,510,535,720,745,774,783,727,752,702,789,910,1127,1289,1367,1536,1399,1152,1079,1152,1348,1497,1467,1365,1385,1455
El Salvador,0,0,0,0,0,0,0,0,0,0,0,0,0,0,0,0,0,0,0,0,0,0,0,0,0,0,0,0,0,0,0,0,0,0,0,0,0,0,0,0,0,0,0,0,0,0,0,0,0,0,0,0,0,0,0,0,1,0,2,0,0,2,4,4,0,6,5,6,2,0,9,5,10,6,7,9,15,10,14,1,7,12,12,10,5,13,13,11,17,7,12,13,24,0,24,25,22,32,18,29,22,44,65,32,46,62,47,42,105,69,40,39,75,98,55,73,75,85,73,69,85,94,96,68,59,67,85,84,117,122,65,71,52,76,68,85,81,89,87,83
Equatorial Guinea,0,0,0,0,0,0,0,0,0,0,0,0,0,0,0,0,0,0,0,0,0,0,0,0,0,0,0,0,0,0,0,0,0,0,0,0,0,0,0,0,0,0,0,0,0,0,0,0,0,0,0,0,1,0,0,3,2,0,0,0,3,0,0,3,0,0,0,0,0,3,0,1,0,0,0,0,2,0,0,0,3,0,20,10,0,28,0,0,0,4,1,0,130,44,0,0,57,0,0,0,0,0,0,0,124,0,0,0,0,0,0,83,61,11,0,0,125,106,65,13,57,0,0,83,0,0,0,263,0,0,0,0,0,0,0,0,0,0,0,0
Eritrea,0,0,0,0,0,0,0,0,0,0,0,0,0,0,0,0,0,0,0,0,0,0,0,0,0,0,0,0,0,0,0,0,0,0,0,0,0,0,0,0,0,0,0,0,0,0,0,0,0,0,0,0,0,0,0,0,0,0,1,0,0,0,3,2,0,0,6,0,3,0,7,0,7,0,2,0,2,0,1,0,0,0,0,1,0,0,4,0,0,0,0,0,0,0,0,0,0,0,0,0,0,0,0,0,0,0,0,0,0,0,0,0,0,0,0,0,0,0,0,0,0,0,0,0,0,0,0,0,0,0,0,0,0,0,0,0,0,0,0,2
Estonia,0,0,0,0,0,0,0,0,0,0,0,0,0,0,0,0,0,0,0,0,0,0,0,0,0,0,0,0,0,0,0,0,0,0,0,1,0,0,0,0,1,0,1,7,0,0,0,2,4,0,63,36,56,34,20,33,9,16,23,20,26,17,35,134,37,70,34,36,30,34,79,103,78,58,11,41,36,22,51,46,5,23,41,27,34,25,53,16,7,17,7,33,13,30,8,4,13,6,23,5,5,1,3,8,2,7,5,8,6,2,5,5,7,8,4,4,10,7,3,6,7,14,2,1,10,6,11,8,6,4,1,0,10,10,20,21,8,1,7,11
Eswatini,0,0,0,0,0,0,0,0,0,0,0,0,0,0,0,0,0,0,0,0,0,0,0,0,0,0,0,0,0,0,0,0,0,0,0,0,0,0,0,0,0,0,0,0,0,0,0,0,0,0,0,1,0,0,0,0,0,0,0,3,0,0,0,2,3,0,0,0,0,0,0,0,0,0,1,0,2,0,0,0,2,1,0,0,1,0,6,0,2,7,0,0,5,20,3,6,6,20,9,6,2,4,4,3,4,30,6,4,9,3,9,3,0,3,12,1,2,3,9,3,5,13,12,6,5,11,7,0,4,2,8,1,1,5,5,17,11,7,31,27
Ethiopia,0,0,0,0,0,0,0,0,0,0,0,0,0,0,0,0,0,0,0,0,0,0,0,0,0,0,0,0,0,0,0,0,0,0,0,0,0,0,0,0,0,0,0,0,0,0,0,0,0,0,1,0,0,4,0,1,0,3,0,2,0,1,0,0,4,0,5,2,3,3,0,6,3,5,1,8,3,1,9,4,2,3,8,3,7,4,9,3,3,3,2,0,1,5,1,1,2,4,1,2,0,2,5,5,17,29,3,16,29,11,11,2,9,15,19,11,35,13,24,10,34,61,88,73,46,30,100,137,95,109,85,87,142,150,169,129,86,136,180,170
Fiji,0,0,0,0,0,0,0,0,0,0,0,0,0,0,0,0,0,0,0,0,0,0,0,0,0,0,0,0,0,0,0,0,0,0,0,0,0,0,0,0,0,0,0,0,0,0,0,0,0,0,0,0,0,0,0,0,1,0,0,1,1,1,1,0,0,0,0,0,0,0,2,0,5,0,2,1,0,0,1,0,0,0,0,0,1,0,0,0,1,0,0,0,0,0,0,0,0,0,0,0,0,0,0,0,0,0,0,0,0,0,0,0,0,0,0,0,0,0,0,0,0,0,0,0,0,0,0,0,0,0,0,0,0,0,0,0,0,0,0,0
Finland,0,0,0,0,0,0,1,0,0,0,0,0,0,0,0,0,0,0,0,0,0,0,0,0,0,0,0,0,0,0,0,0,0,0,1,0,0,1,3,0,0,0,6,3,0,8,7,10,19,0,96,70,19,33,44,15,64,50,73,103,74,92,88,78,83,126,73,112,66,28,72,97,267,45,249,132,179,118,164,136,69,90,97,76,132,120,192,102,85,146,115,155,111,80,101,119,45,166,89,56,125,78,73,85,161,100,65,142,82,22,19,51,91,83,58,61,33,19,44,50,44,31,11,20,29,64,51,33,50,33,26,2,24,0,30,23,17,20,24,15
France,0,2,1,0,0,1,1,0,0,1,0,0,0,0,0,0,5,0,0,0,0,0,0,1,0,0,0,0,0,0,0,0,0,2,4,20,19,43,30,61,13,84,92,276,303,177,83,575,499,0,1388,815,36,2151,1032,1409,1846,1788,1705,1780,3880,2499,2978,3951,3851,4703,2603,4462,7657,4922,2180,5273,4298,1912,3931,3820,3894,4309,4372,3125,26849,3682,4971,3220,12490,2009,2,4925,2382,2775,-2188,2323,1649,1692,576,3743,3090,-2510,756,6,1213,407,658,1104,3537,694,1284,580,312,453,802,-165,810,636,0,63,358,882,767,251,403,340,15,358,-220,191,3326,559,1829,257,339,-898,3880,-2761,611,579,343,211,210,545
Gabon,0,0,0,0,0,0,0,0,0,0,0,0,0,0,0,0,0,0,0,0,0,0,0,0,0,0,0,0,0,0,0,0,0,0,0,0,0,0,0,0,0,0,0,0,0,0,0,0,0,0,0,1,0,0,0,0,0,2,1,1,0,1,0,1,0,0,0,0,9,2,3,0,0,0,3,6,4,10,0,2,3,8,0,23,0,28,0,1,11,36,10,1,5,4,0,35,27,38,0,0,59,0,32,30,0,107,116,41,0,141,61,141,100,105,111,0,112,70,65,0,161,206,0,201,103,81,112,182,42,0,0,148,99,53,146,0,0,0,146,128
Gambia,0,0,0,0,0,0,0,0,0,0,0,0,0,0,0,0,0,0,0,0,0,0,0,0,0,0,0,0,0,0,0,0,0,0,0,0,0,0,0,0,0,0,0,0,0,0,0,0,0,0,0,0,0,0,1,0,0,0,0,0,1,1,0,0,0,0,1,0,0,0,0,0,0,0,0,0,0,0,0,5,0,0,0,0,0,0,0,1,0,0,0,0,0,0,0,0,0,0,1,1,5,0,0,0,0,1,2,0,0,2,0,1,0,0,0,0,1,0,0,0,1,0,0,0,0,0,0,0,0,0,0,0,1,0,0,0,0,2,0,0
Georgia,0,0,0,0,0,0,0,0,0,0,0,0,0,0,0,0,0,0,0,0,0,0,0,0,0,0,0,0,0,0,0,0,0,0,1,0,0,0,2,0,0,0,1,0,0,9,2,0,9,0,1,5,3,0,1,4,2,3,6,5,7,9,5,4,4,7,1,12,7,7,17,21,7,12,14,8,15,7,16,8,15,15,28,6,42,22,18,6,8,6,8,9,19,12,30,11,14,6,22,27,16,7,4,11,6,5,8,3,9,3,4,5,20,4,12,12,6,6,6,8,2,5,2,1,1,3,3,8,11,26,11,2,4,1,4,3,1,3,6,9
Germany,0,0,0,0,1,3,0,0,1,3,2,2,0,0,0,1,0,1,0,2,0,0,0,0,0,0,0,0,0,0,0,0,0,1,10,19,2,31,51,29,37,66,220,188,129,241,136,281,451,170,1597,910,1210,1477,1985,3070,2993,4528,2365,2660,4183,3930,4337,6615,6933,6824,4400,4790,4923,6064,6922,6365,4933,4031,3251,4289,5633,4885,3990,2737,2946,2218,1287,3394,2945,3699,1945,1842,1881,1226,2357,2481,1870,1514,1257,988,1154,1627,1470,1068,890,697,488,855,1155,1268,1158,736,555,697,595,927,380,755,519,617,182,1227,695,548,689,276,342,272,600,324,672,726,267,221,184,285,242,351,452,526,300,359,397,16
Ghana,0,0,0,0,0,0,0,0,0,0,0,0,0,0,0,0,0,0,0,0,0,0,0,0,0,0,0,0,0,0,0,0,0,0,0,0,0,0,0,0,0,0,0,0,0,0,0,0,0,0,0,3,3,0,1,0,4,5,3,4,4,26,40,39,5,4,11,0,9,34,9,1,0,9,0,73,26,65,0,30,158,0,70,0,5,0,193,208,0,0,112,0,125,0,271,0,121,0,403,0,95,0,550,0,372,0,921,251,0,437,427,281,122,108,97,0,0,361,173,0,217,131,66,125,309,186,0,313,152,302,0,227,251,337,283,294,176,272,291,0
Greece,0,0,0,0,0,0,0,0,0,0,0,0,0,0,0,0,0,0,0,0,0,0,0,0,0,0,0,0,0,0,0,0,0,0,1,2,1,0,3,0,0,2,22,14,1,27,0,16,10,0,91,38,103,0,56,31,0,77,35,94,71,48,78,71,74,95,95,56,102,101,129,69,60,62,20,77,52,71,56,70,33,31,25,22,15,17,11,0,10,156,7,55,27,16,11,17,32,10,15,21,8,6,6,10,21,15,13,19,6,10,18,16,10,40,9,15,2,4,10,3,21,2,2,4,10,11,3,3,6,2,1,19,0,15,15,13,17,52,9,10
Grenada,0,0,0,0,0,0,0,0,0,0,0,0,0,0,0,0,0,0,0,0,0,0,0,0,0,0,0,0,0,0,0,0,0,0,0,0,0,0,0,0,0,0,0,0,0,0,0,0,0,0,0,0,0,0,0,0,0,0,0,1,0,0,0,6,0,0,2,0,0,0,1,2,0,0,0,0,0,0,2,0,0,0,0,0,0,0,0,0,0,0,1,0,0,3,0,0,1,1,0,0,1,0,0,0,0,0,0,0,0,0,0,0,0,1,0,0,0,0,0,0,0,0,0,1,0,0,0,0,0,0,0,0,0,0,0,0,0,0,0,0
Guatemala,0,0,0,0,0,0,0,0,0,0,0,0,0,0,0,0,0,0,0,0,0,0,0,0,0,0,0,0,0,0,0,0,0,0,0,0,0,0,0,0,0,0,0,0,0,0,0,0,0,0,0,1,0,1,4,0,3,3,5,2,1,1,3,1,3,6,0,2,2,1,8,3,11,0,9,7,10,8,31,11,18,1,11,13,16,18,21,22,32,5,22,68,46,43,27,30,0,27,42,45,44,15,27,33,35,34,68,67,85,62,85,143,176,125,120,0,149,221,132,247,231,311,370,336,194,191,203,259,132,348,249,250,174,394,331,307,263,447,364,355
Guinea,0,0,0,0,0,0,0,0,0,0,0,0,0,0,0,0,0,0,0,0,0,0,0,0,0,0,0,0,0,0,0,0,0,0,0,0,0,0,0,0,0,0,0,0,0,0,0,0,0,0,1,0,0,0,0,0,0,0,1,0,2,0,0,0,4,0,8,6,0,8,22,21,38,10,7,16,20,30,18,38,0,69,44,41,34,39,41,61,43,66,73,101,92,42,0,167,77,111,144,42,49,0,124,101,45,71,82,33,104,0,152,76,99,0,185,0,138,67,0,204,0,109,99,0,0,0,278,103,50,0,138,42,47,58,69,57,0,99,42,0
Guinea-Bissau,0,0,0,0,0,0,0,0,0,0,0,0,0,0,0,0,0,0,0,0,0,0,0,0,0,0,0,0,0,0,0,0,0,0,0,0,0,0,0,0,0,0,0,0,0,0,0,0,0,0,0,0,0,0,0,0,0,0,0,0,0,0,2,0,0,0,0,6,0,1,0,6,3,0,0,15,0,3,0,2,0,0,0,5,0,0,3,4,0,0,0,0,2,0,1,20,0,132,0,52,0,0,156,0,62,89,30,47,85,35,59,16,77,0,56,21,42,6,51,20,5,0,0,64,0,17,0,61,0,0,83,0,0,0,29,0,0,21,0,0
Guyana,0,0,0,0,0,0,0,0,0,0,0,0,0,0,0,0,0,0,0,0,0,0,0,0,0,0,0,0,0,0,0,0,0,0,0,0,0,0,0,0,0,0,0,0,0,0,0,0,0,1,0,0,3,0,3,0,0,0,0,12,1,-15,0,0,0,3,0,0,4,7,0,4,0,1,7,2,4,0,0,8,0,0,2,8,0,8,0,2,0,1,1,3,3,0,1,0,0,4,4,0,0,0,10,1,0,0,1,0,10,5,4,0,0,3,1,0,7,1,0,2,0,0,8,2,2,0,11,0,2,1,0,0,0,0,0,1,0,0,2,0
Haiti,0,0,0,0,0,0,0,0,0,0,0,0,0,0,0,0,0,0,0,0,0,0,0,0,0,0,0,0,0,0,0,0,0,0,0,0,0,0,0,0,0,0,0,0,0,0,0,0,0,0,0,0,0,0,0,0,0,2,0,0,4,1,1,0,0,0,7,0,0,1,0,2,2,1,3,1,2,3,1,2,0,7,0,1,0,2,1,3,10,0,5,10,0,0,2,2,0,0,5,4,0,3,12,1,0,28,17,5,31,27,0,25,39,37,48,98,77,0,63,138,78,53,0,93,216,146,0,264,281,259,102,0,281,133,100,332,262,204,124,134
Holy See,0,0,0,0,0,0,0,0,0,0,0,0,0,0,0,0,0,0,0,0,0,0,0,0,0,0,0,0,0,0,0,0,0,0,0,0,0,0,0,0,0,0,0,1,0,0,0,0,0,0,0,0,0,0,0,0,0,0,0,0,0,3,0,0,0,2,0,0,0,0,1,0,0,0,0,0,1,0,0,0,0,0,0,0,0,0,0,0,1,0,0,0,0,0,0,0,1,0,1,0,0,0,0,0,1,0,0,0,0,0,0,0,0,0,0,0,0,0,0,0,0,0,0,0,0,0,0,0,0,0,0,0,0,0,0,0,0,0,0,0
Honduras,0,0,0,0,0,0,0,0,0,0,0,0,0,0,0,0,0,0,0,0,0,0,0,0,0,0,0,0,0,0,0,0,0,0,0,0,0,0,0,0,0,0,0,0,0,0,0,0,2,0,0,0,1,3,2,1,3,12,0,2,4,0,6,16,16,27,15,29,2,31,47,3,42,4,30,7,7,31,39,10,1,4,10,12,7,16,15,15,5,17,16,9,72,36,0,34,41,36,33,33,206,45,123,92,191,224,86,59,142,128,-20,175,63,142,105,81,152,157,0,249,273,0,473,239,212,239,112,0,342,108,160,165,163,190,91,184,172,123,485,425
Hungary,0,0,0,0,0,0,0,0,0,0,0,0,0,0,0,0,0,0,0,0,0,0,0,0,0,0,0,0,0,0,0,0,0,0,0,0,0,0,0,0,0,2,0,0,2,3,2,0,4,0,6,11,2,7,11,8,15,12,18,28,36,20,39,35,39,43,65,39,45,33,60,38,55,55,11,73,78,85,210,120,100,48,54,67,73,111,71,82,68,114,70,116,159,0,57,83,66,78,48,88,79,56,37,30,46,39,28,35,50,21,29,28,39,37,56,36,26,21,42,43,37,35,28,15,15,22,23,25,26,9,16,29,10,23,16,20,18,6,3,10
Iceland,0,0,0,0,0,0,0,0,0,0,0,0,0,0,0,0,0,0,0,0,0,0,0,0,0,0,0,0,0,0,0,0,0,0,0,0,1,0,2,3,5,15,8,9,7,0,8,11,16,18,31,22,15,9,40,30,80,79,64,95,20,60,89,65,88,73,57,66,49,85,99,45,53,69,76,24,30,32,27,14,12,10,9,7,12,15,6,11,2,5,7,4,0,1,2,0,3,2,0,1,0,1,0,0,0,2,0,0,0,0,0,1,0,0,0,0,0,0,1,0,0,1,0,0,0,1,0,0,1,0,0,0,0,0,0,0,1,0,0,0
India,0,0,0,0,0,0,0,1,0,0,1,1,0,0,0,0,0,0,0,0,0,0,0,0,0,0,0,0,0,0,0,0,0,0,0,0,0,0,0,2,0,23,2,1,3,5,4,13,6,11,9,20,11,6,23,14,38,50,86,66,103,37,121,70,160,100,37,227,146,601,545,24,515,506,1190,533,605,809,873,848,759,1248,1034,835,1108,922,1370,1893,924,1541,1290,1707,1453,1753,1607,1561,1873,1738,1801,2394,2442,2806,3932,2963,3587,3364,3344,3113,4353,3607,3524,3763,3942,3787,4864,5050,4630,6147,5553,6198,6568,6629,7113,6414,5843,7293,7300,8105,8336,8782,7761,8821,9633,9889,9471,10438,10864,8442,10218,437
Indonesia,0,0,0,0,0,0,0,0,0,0,0,0,0,0,0,0,0,0,0,0,0,0,0,0,0,0,0,0,0,0,0,0,0,0,0,0,0,0,0,2,0,0,0,2,0,2,13,8,7,0,35,27,21,17,38,55,84,58,81,64,65,107,104,103,153,109,130,129,114,149,113,196,106,181,218,247,218,337,219,330,399,316,282,297,380,407,325,327,185,375,283,357,436,396,275,214,415,260,347,433,292,349,395,484,367,338,336,533,387,233,484,689,568,490,529,489,496,486,693,973,634,949,526,479,415,686,687,678,557,700,467,609,684,585,703,993,672,847,1043,1240
Iran,0,0,0,0,0,0,0,0,0,0,0,0,0,0,0,0,0,0,0,0,0,0,0,0,0,0,0,2,3,13,10,15,18,34,44,106,143,205,385,523,835,586,591,1234,1076,743,595,881,958,1075,1289,1365,1209,1053,1178,1192,1046,1237,966,1028,1411,1762,2206,2389,2926,3076,2901,3186,3110,2988,2875,2715,2560,2483,2274,2089,1997,1634,1972,1837,1657,1617,1574,1512,1606,1499,1374,1343,1294,1297,1194,1030,1168,1134,1153,991,1112,1073,983,1006,802,976,1223,1323,1680,1485,1556,1529,1383,1683,1481,1958,1808,2102,1757,1806,2294,2111,2346,2392,2311,1869,2180,2023,1787,2080,2258,2819,2282,2516,2979,3117,3134,3574,2886,2269,2364,2043,2095,2011
Iraq,0,0,0,0,0,0,0,0,0,0,0,0,0,0,0,0,0,0,0,0,0,0,0,0,0,0,0,0,0,0,0,0,1,0,4,2,0,6,6,7,6,3,0,5,14,6,0,11,0,0,30,9,6,8,30,10,28,16,6,19,33,50,30,36,76,48,41,83,64,34,44,48,58,83,70,91,80,30,47,39,34,26,22,15,19,48,31,26,35,28,29,46,31,55,57,27,81,75,82,68,66,77,50,85,49,63,60,76,88,51,95,119,111,50,67,144,150,57,113,153,87,308,197,163,216,287,322,416,306,260,429,519,781,672,1006,1252,1268,1115,787,1146
Ireland,0,0,0,0,0,0,0,0,0,0,0,0,0,0,0,0,0,0,0,0,0,0,0,0,0,0,0,0,0,0,0,0,0,0,0,0,0,1,0,0,1,4,0,12,0,1,2,13,9,0,47,39,0,40,54,69,265,126,102,121,219,204,235,255,302,294,200,295,325,212,402,424,331,390,370,345,365,500,1515,839,727,992,832,1068,724,709,778,493,401,388,631,936,577,377,701,386,229,376,359,221,343,330,266,211,265,137,156,219,236,139,107,159,426,129,92,64,88,51,64,76,115,76,57,59,37,68,38,35,53,61,72,4,45,31,21,20,18,6,8,16
Israel,0,0,0,0,0,0,0,0,0,0,0,0,0,0,0,0,0,0,0,0,0,0,0,0,0,0,0,0,0,1,0,0,0,0,1,1,1,3,3,0,2,3,5,17,6,18,0,14,4,21,26,29,58,5,32,54,123,102,183,171,188,167,1131,324,342,584,628,448,663,734,765,571,423,579,474,344,156,564,440,335,402,441,460,455,257,224,283,226,222,229,556,305,255,240,145,112,173,106,112,155,84,23,38,43,21,71,55,18,23,29,23,19,31,10,19,9,26,16,8,16,7,22,5,17,23,36,79,115,25,59,98,116,92,118,67,190,111,169,148,175
Italy,0,0,0,0,0,0,0,0,2,0,0,0,0,0,0,1,0,0,0,0,0,0,0,0,0,0,0,0,0,17,42,93,74,93,131,202,233,240,566,342,466,587,769,778,1247,1492,1797,977,2313,2651,2547,3497,3590,3233,3526,4207,5322,5986,6557,5560,4789,5249,5210,6203,5909,5974,5217,4050,4053,4782,4668,4585,4805,4316,3599,3039,3836,4204,3951,4694,4092,3153,2972,2667,3786,3493,3491,3047,2256,2729,3370,2646,3021,2357,2324,1739,2091,2086,1872,1965,1900,1389,1221,1075,1444,1401,1327,1083,802,744,1402,888,992,789,875,675,451,813,665,642,652,669,531,300,397,584,593,516,416,333,200,318,321,177,518,270,197,280,283,202
Jamaica,0,0,0,0,0,0,0,0,0,0,0,0,0,0,0,0,0,0,0,0,0,0,0,0,0,0,0,0,0,0,0,0,0,0,0,0,0,0,0,0,0,0,0,0,0,0,0,0,1,1,6,0,2,0,2,1,2,1,0,3,0,2,5,0,0,4,2,4,0,8,3,0,6,5,0,5,0,0,0,2,4,4,0,52,18,0,20,10,50,0,10,24,31,17,45,14,0,32,26,10,31,6,2,2,5,10,2,0,12,3,2,2,0,2,6,3,0,0,9,5,10,6,2,4,8,5,0,6,6,5,2,2,1,0,4,1,2,1,6,0
Japan,0,0,0,2,0,3,0,4,4,5,0,0,2,0,0,3,0,1,0,0,2,0,1,14,16,7,8,10,10,11,17,25,12,11,19,25,14,13,15,18,19,38,29,60,41,41,9,70,58,0,62,72,66,0,39,11,35,39,44,94,27,65,114,80,81,225,173,0,87,225,317,122,522,0,515,252,351,410,863,475,743,622,275,455,526,1161,509,501,0,338,377,856,461,402,210,712,-417,159,193,217,266,306,201,175,0,224,98,88,114,70,121,81,71,83,34,48,20,62,0,57,89,23,14,31,42,28,-53,75,43,35,36,50,30,44,47,42,39,21,51,35
Jordan,0,0,0,0,0,0,0,0,0,0,0,0,0,0,0,0,0,0,0,0,0,0,0,0,0,0,0,0,0,0,0,0,0,0,0,0,0,0,0,0,1,0,0,0,0,0,0,0,0,0,0,0,7,9,17,18,17,16,0,27,15,27,18,40,23,11,13,9,6,4,21,11,13,22,4,4,5,14,0,9,8,2,6,4,1,5,6,4,8,3,7,2,4,3,3,2,0,2,2,6,1,1,4,6,2,21,14,14,18,22,14,6,4,10,11,6,16,20,23,12,16,4,4,3,7,2,8,2,4,5,7,9,2,8,19,11,13,23,14,18
Kazakhstan,0,0,0,0,0,0,0,0,0,0,0,0,0,0,0,0,0,0,0,0,0,0,0,0,0,0,0,0,0,0,0,0,0,0,0,0,0,0,0,0,0,0,0,0,0,0,0,0,0,0,4,2,3,1,23,2,9,5,4,7,2,10,9,30,39,78,56,18,41,37,55,29,67,53,78,35,30,54,31,53,86,140,141,63,107,144,69,61,176,143,140,154,193,119,116,118,192,111,264,195,260,63,129,156,217,156,256,141,115,117,72,138,154,118,161,307,594,0,218,265,685,0,612,438,0,335,272,356,450,476,450,263,496,0,245,199,183,165,215,245
Kenya,0,0,0,0,0,0,0,0,0,0,0,0,0,0,0,0,0,0,0,0,0,0,0,0,0,0,0,0,0,0,0,0,0,0,0,0,0,0,0,0,0,0,0,0,0,0,0,0,0,0,1,0,2,0,0,0,4,0,0,8,1,9,3,3,0,7,4,8,9,22,29,12,4,16,16,14,7,5,5,2,6,11,8,9,9,12,16,8,11,15,7,17,16,7,12,8,11,10,12,15,24,30,25,45,47,25,14,28,23,28,15,22,21,23,49,57,25,51,66,80,52,31,22,72,62,123,147,127,143,74,59,72,123,124,134,126,167,105,117,105
"Korea, South",0,1,0,1,1,0,0,0,7,1,3,0,1,3,4,1,0,1,2,1,0,0,0,0,1,1,1,0,73,100,229,169,231,144,284,505,571,813,586,599,851,435,467,505,448,273,164,35,242,114,110,107,76,74,84,93,152,87,147,162,0,76,100,104,91,146,105,78,125,101,89,86,94,81,47,47,53,39,27,30,32,25,27,27,22,22,18,8,13,9,11,14,10,10,10,14,9,4,9,6,13,8,3,2,4,12,18,34,35,27,26,29,27,19,13,15,13,32,12,20,23,25,16,19,40,79,58,39,27,35,38,49,39,39,51,57,38,38,50,45
Kosovo,0,0,0,0,0,0,0,0,0,0,0,0,0,0,0,0,0,0,0,0,0,0,0,0,0,0,0,0,0,0,0,0,0,0,0,0,0,0,0,0,0,0,0,0,0,0,0,0,0,0,0,0,0,0,0,0,0,0,0,0,0,0,0,71,15,5,3,0,18,13,0,1,9,10,0,25,14,0,66,33,0,0,104,0,62,31,30,51,37,6,26,39,34,28,32,17,10,9,7,0,17,28,4,1,0,5,0,1,8,14,35,0,25,0,0,11,0,34,0,14,1,21,7,6,0,9,1,0,16,0,0,0,78,0,0,0,0,121,0,35
Kuwait,0,0,0,0,0,0,0,0,0,0,0,0,0,0,0,0,0,0,0,0,0,0,0,0,0,0,0,0,0,0,0,0,1,10,15,17,2,0,0,11,0,0,2,0,3,3,0,5,3,8,0,24,8,11,7,12,6,11,17,12,1,2,4,13,17,10,20,11,23,28,25,75,62,77,109,78,112,55,83,161,80,66,55,50,119,134,93,164,80,85,168,151,215,278,183,213,152,300,284,353,242,364,295,526,485,278,641,415,1065,598,991,751,947,885,942,1048,841,1073,804,1041,955,900,838,665,608,692,845,1072,1008,851,719,887,710,562,723,487,717,662,630,683
Kyrgyzstan,0,0,0,0,0,0,0,0,0,0,0,0,0,0,0,0,0,0,0,0,0,0,0,0,0,0,0,0,0,0,0,0,0,0,0,0,0,0,0,0,0,0,0,0,0,0,0,0,0,0,0,0,0,0,0,3,0,3,8,0,2,26,2,0,14,0,26,10,13,4,5,14,14,3,69,12,42,10,18,41,38,42,11,19,17,23,17,48,14,22,22,19,34,0,17,13,13,21,17,10,13,26,35,13,28,24,11,25,71,14,21,7,38,29,6,21,78,27,27,43,37,15,38,30,35,52,74,68,60,26,69,28,26,28,37,38,33,25,23,38
Laos,0,0,0,0,0,0,0,0,0,0,0,0,0,0,0,0,0,0,0,0,0,0,0,0,0,0,0,0,0,0,0,0,0,0,0,0,0,0,0,0,0,0,0,0,0,0,0,0,0,0,0,0,0,0,0,0,0,0,0,0,0,2,1,3,0,2,0,0,1,1,0,0,0,1,1,2,1,1,0,2,1,0,0,0,0,0,0,0,0,0,0,0,0,0,0,0,0,0,0,0,0,0,0,0,0,0,0,0,0,0,0,0,0,0,0,0,0,0,0,0,0,0,0,0,0,0,0,0,0,0,0,0,0,0,0,0,0,0,0,0
Latvia,0,0,0,0,0,0,0,0,0,0,0,0,0,0,0,0,0,0,0,0,0,0,0,0,0,0,0,0,0,0,0,0,0,0,0,0,0,0,0,1,0,0,0,0,0,1,4,2,2,0,7,9,4,4,15,22,15,25,13,15,41,17,24,23,36,25,42,29,22,48,12,35,16,24,9,6,29,12,23,18,21,4,2,9,9,7,30,15,12,9,13,17,6,20,8,6,18,13,9,12,1,8,17,0,4,9,19,2,9,7,4,1,11,8,27,11,1,3,4,9,5,16,1,2,4,4,4,3,1,1,0,5,8,3,3,1,2,0,1,3
Lebanon,0,0,0,0,0,0,0,0,0,0,0,0,0,0,0,0,0,0,0,0,0,0,0,0,0,0,0,0,0,1,0,0,0,0,1,0,0,2,6,3,0,0,3,6,0,10,0,9,20,0,16,16,17,0,10,13,24,6,24,61,19,51,15,35,23,21,26,8,24,9,15,14,12,7,14,7,28,6,27,10,11,2,9,17,5,5,4,1,4,0,5,6,8,8,3,3,7,4,4,4,4,4,3,1,9,34,12,13,36,14,11,8,8,5,11,9,20,23,7,63,62,11,17,5,21,21,7,4,19,29,13,9,14,50,6,8,11,19,18,20
Lesotho,0,0,0,0,0,0,0,0,0,0,0,0,0,0,0,0,0,0,0,0,0,0,0,0,0,0,0,0,0,0,0,0,0,0,0,0,0,0,0,0,0,0,0,0,0,0,0,0,0,0,0,0,0,0,0,0,0,0,0,0,0,0,0,0,0,0,0,0,0,0,0,0,0,0,0,0,0,0,0,0,0,0,0,0,0,0,0,0,0,0,0,0,0,0,0,0,0,0,0,0,0,0,0,0,0,0,0,0,0,0,0,1,0,0,0,0,0,0,0,0,1,0,0,0,0,0,0,0,0,0,0,0,2,0,0,0,0,0,0,0
Liberia,0,0,0,0,0,0,0,0,0,0,0,0,0,0,0,0,0,0,0,0,0,0,0,0,0,0,0,0,0,0,0,0,0,0,0,0,0,0,0,0,0,0,0,0,0,0,0,0,0,0,0,0,0,1,0,1,0,0,1,0,0,0,0,0,0,0,0,0,0,3,0,1,3,3,1,0,17,0,6,11,2,9,0,0,0,17,0,15,8,2,0,0,16,3,4,0,17,0,0,11,2,4,8,4,8,11,10,0,0,12,0,2,2,4,4,3,3,4,5,2,9,6,10,0,1,0,3,4,7,8,8,15,5,5,13,11,14,11,13,14
Libya,0,0,0,0,0,0,0,0,0,0,0,0,0,0,0,0,0,0,0,0,0,0,0,0,0,0,0,0,0,0,0,0,0,0,0,0,0,0,0,0,0,0,0,0,0,0,0,0,0,0,0,0,0,0,0,0,0,0,0,0,0,1,0,0,0,2,5,0,2,0,1,0,7,0,1,1,1,3,0,0,1,1,9,13,1,0,0,2,0,0,8,1,1,0,0,0,0,0,0,2,0,0,0,0,1,0,0,0,0,0,0,0,0,0,1,0,0,3,1,2,1,3,0,0,2,22,6,13,12,26,12,14,14,13,30,17,0,76,27,19
Liechtenstein,0,0,0,0,0,0,0,0,0,0,0,0,0,0,0,0,0,0,0,0,0,0,0,0,0,0,0,0,0,0,0,0,0,0,0,0,0,0,0,0,0,1,0,0,0,0,0,0,0,0,0,3,0,0,3,21,0,0,9,0,14,0,0,5,0,0,0,6,6,0,7,0,2,0,0,1,0,0,1,0,0,0,0,0,0,0,0,2,0,0,0,0,0,0,1,0,0,0,0,0,0,0,0,0,0,0,0,0,0,0,0,0,0,0,0,0,0,0,0,0,0,0,0,0,0,0,0,0,0,0,0,0,0,0,0,0,0,0,0,0
Lithuania,0,0,0,0,0,0,0,0,0,0,0,0,0,0,0,0,0,0,0,0,0,0,0,0,0,0,0,0,0,0,0,0,0,0,0,0,1,0,0,0,0,0,0,0,0,0,0,0,2,0,3,2,4,5,8,2,9,13,34,60,36,30,65,25,59,36,66,31,46,44,68,47,75,40,32,37,32,43,44,27,27,9,8,21,37,21,90,59,28,24,20,28,12,16,12,11,-105,31,10,14,7,4,9,4,5,5,3,8,35,6,6,14,6,12,11,7,6,15,15,16,11,12,7,12,4,8,9,6,8,5,3,4,2,3,7,11,9,6,7,6
Luxembourg,0,0,0,0,0,0,0,0,0,0,0,0,0,0,0,0,0,0,0,0,0,0,0,0,0,0,0,0,0,0,0,0,0,0,0,0,0,1,0,0,0,0,0,1,0,1,0,2,2,12,15,17,8,18,63,63,132,149,186,128,77,224,234,120,152,226,119,38,190,141,168,125,117,75,39,127,64,81,108,47,11,11,15,66,71,36,57,13,8,60,36,11,30,16,12,6,12,28,15,18,10,12,4,12,11,8,12,6,9,2,6,10,11,8,7,15,2,11,13,9,1,9,2,1,2,6,7,4,4,2,1,1,4,3,5,3,4,1,6,3
MS Zaandam,0,0,0,0,0,0,0,0,0,0,0,0,0,0,0,0,0,0,0,0,0,0,0,0,0,0,0,0,0,0,0,0,0,0,0,0,0,0,0,0,0,0,0,0,0,0,0,0,0,0,0,0,0,0,0,0,0,0,0,0,0,0,0,0,0,2,0,0,0,7,0,0,0,0,0,0,0,0,0,0,0,0,0,0,0,0,0,0,0,0,0,0,0,0,0,0,0,0,0,0,0,0,0,0,0,0,0,0,0,0,0,0,0,0,0,0,0,0,0,0,0,0,0,0,0,0,0,0,0,0,0,0,0,0,0,0,0,0,0,0
Madagascar,0,0,0,0,0,0,0,0,0,0,0,0,0,0,0,0,0,0,0,0,0,0,0,0,0,0,0,0,0,0,0,0,0,0,0,0,0,0,0,0,0,0,0,0,0,0,0,0,0,0,0,0,0,0,0,0,0,3,0,0,9,5,2,4,3,0,13,4,14,0,2,11,0,2,10,6,5,0,0,9,4,0,2,2,1,6,3,1,0,0,0,0,1,1,1,4,0,0,0,4,3,14,0,2,7,35,0,0,0,-7,0,26,18,8,45,21,18,4,45,34,43,40,39,15,44,26,44,42,60,13,55,19,63,49,18,51,26,42,44,24
Malawi,0,0,0,0,0,0,0,0,0,0,0,0,0,0,0,0,0,0,0,0,0,0,0,0,0,0,0,0,0,0,0,0,0,0,0,0,0,0,0,0,0,0,0,0,0,0,0,0,0,0,0,0,0,0,0,0,0,0,0,0,0,0,0,0,0,0,0,0,0,0,3,0,1,0,1,3,0,0,1,3,1,3,0,0,0,1,0,0,0,1,5,10,0,0,1,2,0,0,1,0,1,1,2,0,2,0,0,13,0,1,0,6,0,0,2,5,0,0,1,1,10,0,1,18,0,0,102,70,6,5,52,22,11,24,16,0,29,5,12,0
Malaysia,0,0,3,1,0,0,3,1,0,0,0,0,2,2,0,0,4,0,2,0,0,1,0,3,0,0,0,0,0,0,0,0,0,0,0,1,0,2,4,0,7,14,0,33,10,6,18,12,20,0,48,41,190,138,107,117,110,130,153,123,212,106,172,235,130,159,150,156,140,142,208,217,150,179,131,170,156,109,118,184,153,134,170,85,110,69,54,84,36,57,50,71,88,51,38,40,31,94,57,69,105,122,55,30,45,39,68,54,67,70,16,37,40,36,17,22,47,37,31,50,78,48,60,172,187,15,10,103,30,57,38,20,93,277,19,37,19,7,7,2
Maldives,0,0,0,0,0,0,0,0,0,0,0,0,0,0,0,0,0,0,0,0,0,0,0,0,0,0,0,0,0,0,0,0,0,0,0,0,0,0,0,0,0,0,0,0,0,4,0,2,2,0,1,1,3,0,0,0,0,0,0,0,0,0,0,0,3,0,1,0,1,1,0,0,0,0,0,0,0,0,0,0,1,0,0,2,3,3,7,17,17,14,3,22,21,48,37,12,24,28,190,23,28,8,14,32,44,31,96,46,45,62,7,51,27,49,47,16,12,37,43,30,58,39,58,24,43,19,56,78,81,101,56,12,9,22,11,18,2,13,26,20
Mali,0,0,0,0,0,0,0,0,0,0,0,0,0,0,0,0,0,0,0,0,0,0,0,0,0,0,0,0,0,0,0,0,0,0,0,0,0,0,0,0,0,0,0,0,0,0,0,0,0,0,0,0,0,0,0,0,0,0,0,0,0,0,2,2,7,7,0,7,3,3,5,3,2,4,2,9,3,15,13,0,18,18,21,4,23,0,45,8,22,12,35,16,16,45,19,19,16,58,8,18,36,19,17,32,19,19,18,24,12,8,18,28,21,27,29,25,14,27,30,16,22,46,15,29,18,39,78,32,24,15,50,36,35,75,24,38,10,14,39,81
Malta,0,0,0,0,0,0,0,0,0,0,0,0,0,0,0,0,0,0,0,0,0,0,0,0,0,0,0,0,0,0,0,0,0,0,0,0,0,0,0,0,0,0,0,0,3,0,0,2,1,0,6,6,3,9,8,0,15,11,9,17,17,3,19,5,5,10,2,5,13,19,8,6,11,14,14,52,6,38,13,20,8,6,9,6,13,10,4,1,4,12,1,1,2,1,0,2,8,5,2,2,1,9,3,2,2,2,3,1,6,7,3,2,14,10,14,7,5,11,15,15,1,9,1,1,0,1,4,0,2,0,1,1,2,0,3,2,2,1,2,3
Mauritania,0,0,0,0,0,0,0,0,0,0,0,0,0,0,0,0,0,0,0,0,0,0,0,0,0,0,0,0,0,0,0,0,0,0,0,0,0,0,0,0,0,0,0,0,0,0,0,0,0,0,0,1,0,0,0,0,1,0,0,0,0,0,0,1,0,2,0,0,1,0,0,0,0,0,0,0,0,1,0,0,0,0,0,0,0,0,0,0,0,0,0,0,0,0,0,0,0,1,0,0,0,0,0,0,0,0,0,0,0,0,1,6,5,9,11,22,19,50,10,32,27,27,10,25,6,24,54,77,60,47,58,80,77,39,99,64,102,55,58,121
Mauritius,0,0,0,0,0,0,0,0,0,0,0,0,0,0,0,0,0,0,0,0,0,0,0,0,0,0,0,0,0,0,0,0,0,0,0,0,0,0,0,0,0,0,0,0,0,0,0,0,0,0,0,0,0,0,0,3,0,9,2,14,8,6,6,33,13,8,5,21,15,18,8,17,10,31,17,24,5,41,4,1,5,0,0,0,0,0,1,3,0,0,1,2,0,0,1,2,0,-2,0,0,0,0,0,0,0,0,0,0,0,0,0,0,0,0,0,0,0,0,0,0,0,0,2,0,0,0,0,1,0,0,0,0,0,0,2,0,0,0,0,0
Mexico,0,0,0,0,0,0,0,0,0,0,0,0,0,0,0,0,0,0,0,0,0,0,0,0,0,0,0,0,0,0,0,0,0,0,0,0,1,3,1,0,0,0,0,1,0,1,0,0,1,4,14,15,12,29,11,25,46,39,48,65,51,38,70,110,132,131,145,101,121,163,132,178,202,253,296,346,396,260,403,375,442,353,385,448,450,578,622,764,511,729,1043,1089,1239,970,835,852,1223,1047,1425,1515,1349,1383,1434,1120,1609,1982,1906,1938,1562,1305,1997,1862,2409,2437,2112,2075,2414,2713,2248,2973,2960,3329,2764,2485,3455,3463,3377,3227,2885,3152,2771,3891,3912,4442,4346,3593,3484,2999,4199,4883
Moldova,0,0,0,0,0,0,0,0,0,0,0,0,0,0,0,0,0,0,0,0,0,0,0,0,0,0,0,0,0,0,0,0,0,0,0,0,0,0,0,0,0,0,0,0,0,1,0,2,0,0,3,6,11,0,7,0,19,17,14,14,15,16,24,28,22,32,32,35,55,70,82,86,161,112,101,91,118,115,149,122,102,50,222,115,105,110,114,94,76,66,164,148,184,194,104,73,157,133,126,83,72,69,127,115,113,129,123,139,60,68,159,252,147,192,189,126,78,202,213,151,143,147,99,54,158,232,188,171,202,153,109,188,247,223,229,264,189,107,218,296
Monaco,0,0,0,0,0,0,0,0,0,0,0,0,0,0,0,0,0,0,0,0,0,0,0,0,0,0,0,0,0,0,0,0,0,0,0,0,0,1,0,0,0,0,0,0,0,0,0,0,0,1,0,0,0,5,0,0,0,4,0,12,0,0,8,2,9,0,4,3,3,3,5,4,2,7,4,2,2,3,6,2,1,0,0,0,0,1,0,0,0,0,0,0,0,0,0,1,0,0,0,0,0,0,0,0,0,0,0,1,0,0,0,0,0,0,0,0,1,0,0,0,0,1,0,0,0,0,0,0,1,0,0,0,0,0,0,0,0,0,0,0
Mongolia,0,0,0,0,0,0,0,0,0,0,0,0,0,0,0,0,0,0,0,0,0,0,0,0,0,0,0,0,0,0,0,0,0,0,0,0,0,0,0,0,0,0,0,0,0,0,0,1,0,0,0,0,0,0,4,1,0,0,4,0,0,0,0,1,0,1,0,0,0,2,0,0,0,0,1,0,1,0,0,0,0,1,13,0,1,0,0,1,1,1,1,1,1,0,1,0,0,0,0,0,1,0,1,1,0,0,1,0,0,0,0,0,56,0,37,1,4,0,0,0,1,0,0,0,0,7,13,18,0,0,6,0,0,1,5,2,0,1,0,0
Montenegro,0,0,0,0,0,0,0,0,0,0,0,0,0,0,0,0,0,0,0,0,0,0,0,0,0,0,0,0,0,0,0,0,0,0,0,0,0,0,0,0,0,0,0,0,0,0,0,0,0,0,0,0,0,0,2,0,1,11,0,7,6,20,5,17,13,2,1,6,18,14,21,30,27,13,19,8,7,4,3,8,9,2,9,5,15,0,4,1,4,1,2,1,3,1,1,0,0,1,0,0,0,0,1,1,0,0,0,0,0,0,0,0,0,0,0,0,0,0,0,0,0,0,0,0,0,0,0,0,0,0,0,0,0,0,0,0,0,0,0,0
Morocco,0,0,0,0,0,0,0,0,0,0,0,0,0,0,0,0,0,0,0,0,0,0,0,0,0,0,0,0,0,0,0,0,0,0,0,0,0,0,0,1,0,0,1,0,0,0,0,1,2,1,1,10,11,1,9,11,14,14,19,19,28,27,55,50,70,57,77,77,61,37,54,83,128,102,99,64,91,99,74,97,116,102,125,136,259,281,121,170,191,163,237,122,190,139,168,55,132,69,102,146,160,174,150,166,189,140,163,199,153,218,137,94,95,45,89,129,82,71,110,78,121,74,27,99,45,24,42,71,66,27,26,33,56,81,68,80,73,78,135,71
Mozambique,0,0,0,0,0,0,0,0,0,0,0,0,0,0,0,0,0,0,0,0,0,0,0,0,0,0,0,0,0,0,0,0,0,0,0,0,0,0,0,0,0,0,0,0,0,0,0,0,0,0,0,0,0,0,0,0,0,0,0,1,0,2,2,2,0,1,0,0,0,2,0,0,0,0,0,0,7,0,3,0,1,0,7,1,2,3,1,4,0,0,2,5,19,5,6,0,0,0,0,3,0,1,0,1,0,0,1,5,4,12,1,0,11,4,10,8,8,1,10,6,2,4,26,15,4,14,6,1,10,10,0,53,9,36,2,55,15,9,20,19
Namibia,0,0,0,0,0,0,0,0,0,0,0,0,0,0,0,0,0,0,0,0,0,0,0,0,0,0,0,0,0,0,0,0,0,0,0,0,0,0,0,0,0,0,0,0,0,0,0,0,0,0,0,2,0,0,0,0,1,0,0,0,1,3,0,1,0,0,3,0,0,3,0,0,0,2,0,0,0,0,0,0,0,0,0,0,0,0,0,0,0,0,0,0,0,0,0,0,0,0,0,0,0,0,0,0,0,0,0,0,0,0,0,0,0,0,0,0,0,0,0,2,1,1,1,0,0,1,0,1,0,1,1,0,0,0,0,4,0,2,0,0
Nepal,0,0,1,0,0,0,0,0,0,0,0,0,0,0,0,0,0,0,0,0,0,0,0,0,0,0,0,0,0,0,0,0,0,0,0,0,0,0,0,0,0,0,0,0,0,0,0,0,0,0,0,0,0,0,0,0,0,0,0,0,1,0,1,0,1,1,0,0,0,0,1,0,3,0,0,0,0,0,0,0,3,2,2,0,0,14,1,0,0,12,2,3,1,0,3,0,2,3,0,2,0,16,0,7,17,2,1,8,0,24,83,33,-1,18,24,4,80,27,25,30,59,68,19,79,90,114,156,170,189,171,239,288,201,334,278,323,213,314,324,278
Netherlands,0,0,0,0,0,0,0,0,0,0,0,0,0,0,0,0,0,0,0,0,0,0,0,0,0,0,0,0,0,0,0,0,0,0,0,1,0,5,4,8,6,14,44,46,60,77,56,61,121,0,303,156,176,278,295,347,409,536,637,577,547,816,858,1030,1179,1172,1111,887,850,1029,1092,1033,906,1226,973,783,973,1221,1346,1322,1175,964,870,736,1067,1236,1147,1072,750,729,715,889,808,655,656,400,172,386,514,477,445,335,199,318,232,455,319,289,245,161,196,227,270,200,190,125,146,108,198,253,188,177,172,210,133,190,182,176,132,185,104,103,87,209,210,183,239,165,164,185
New Zealand,0,0,0,0,0,0,0,0,0,0,0,0,0,0,0,0,0,0,0,0,0,0,0,0,0,0,0,0,0,0,0,0,0,0,0,0,1,0,0,0,0,2,0,1,1,0,0,0,0,0,0,1,2,0,4,8,8,11,13,50,0,53,50,78,85,83,63,75,58,61,89,71,82,89,67,54,50,29,44,29,18,19,17,20,15,8,13,9,9,5,6,5,5,9,-1,3,2,2,3,6,2,0,-1,2,1,1,2,2,3,0,0,0,1,0,1,0,0,4,0,1,0,0,0,0,0,0,0,0,0,0,0,0,0,0,0,0,0,0,0,0
Nicaragua,0,0,0,0,0,0,0,0,0,0,0,0,0,0,0,0,0,0,0,0,0,0,0,0,0,0,0,0,0,0,0,0,0,0,0,0,0,0,0,0,0,0,0,0,0,0,0,0,0,0,0,0,0,0,0,0,1,0,1,0,0,0,0,0,0,2,0,0,1,0,0,0,0,1,0,0,0,1,0,1,1,0,0,0,0,0,0,1,0,0,0,1,0,1,1,0,0,0,1,0,0,1,0,1,0,0,0,0,0,0,9,0,0,0,0,0,0,229,0,25,0,0,0,0,480,0,0,0,0,0,0,359,0,0,0,0,0,0,346,0
Niger,0,0,0,0,0,0,0,0,0,0,0,0,0,0,0,0,0,0,0,0,0,0,0,0,0,0,0,0,0,0,0,0,0,0,0,0,0,0,0,0,0,0,0,0,0,0,0,0,0,0,0,0,0,0,0,0,0,1,0,1,1,0,4,3,0,0,8,9,0,47,24,22,24,40,69,25,64,68,28,53,38,0,41,14,0,43,12,9,0,9,5,9,10,3,12,5,8,4,6,9,8,14,5,8,7,11,14,20,6,11,22,6,16,9,4,15,5,5,6,4,13,6,2,6,1,0,3,0,1,2,0,2,1,2,3,4,3,0,1,0
Nigeria,0,0,0,0,0,0,0,0,0,0,0,0,0,0,0,0,0,0,0,0,0,0,0,0,0,0,0,0,0,0,0,0,0,0,0,0,1,0,0,0,0,0,0,0,0,0,1,0,0,0,0,0,0,0,1,5,0,4,10,8,10,4,7,14,5,19,22,20,4,39,10,26,4,18,6,16,22,12,17,13,5,20,30,34,35,51,49,85,38,0,208,108,114,87,91,64,195,196,204,238,218,170,244,148,195,381,386,239,248,242,146,184,191,288,171,338,216,226,276,339,245,265,313,229,276,389,182,387,553,307,416,241,347,350,328,389,253,315,663,409
North Macedonia,0,0,0,0,0,0,0,0,0,0,0,0,0,0,0,0,0,0,0,0,0,0,0,0,0,0,0,0,0,0,0,0,0,0,1,0,0,0,0,0,0,0,0,2,0,0,0,4,0,0,7,0,0,4,8,9,13,19,18,30,21,12,29,24,18,22,18,26,44,25,30,46,53,72,15,29,18,46,48,49,68,26,54,66,107,36,53,37,18,6,28,41,26,41,19,13,22,21,23,29,12,5,7,8,13,33,14,36,20,22,10,20,29,17,22,30,25,22,19,40,23,20,37,21,15,25,38,52,35,62,89,76,101,119,179,125,110,127,87,125
Norway,0,0,0,0,0,0,0,0,0,0,0,0,0,0,0,0,0,0,0,0,0,0,0,0,0,0,0,0,0,0,0,0,0,0,1,0,5,9,4,6,7,24,31,21,39,29,29,195,198,104,294,94,131,112,130,87,196,168,204,267,236,242,221,285,386,260,269,161,196,222,284,223,180,137,178,221,0,125,103,95,116,78,20,117,156,41,99,42,78,35,147,63,62,36,28,72,61,50,28,45,26,38,57,51,41,38,36,29,6,27,25,18,21,23,18,12,8,10,14,28,23,14,6,12,19,18,10,11,15,3,6,9,22,27,18,9,16,14,15,18
Oman,0,0,0,0,0,0,0,0,0,0,0,0,0,0,0,0,0,0,0,0,0,0,0,0,0,0,0,0,0,0,0,0,2,0,2,0,0,2,0,0,6,3,1,0,0,0,0,2,0,0,1,0,3,0,2,15,9,0,4,3,11,18,15,10,22,21,15,12,13,18,21,21,25,21,33,40,48,38,27,62,53,128,86,97,109,50,111,86,144,98,106,102,74,115,93,51,82,143,74,99,36,85,69,98,168,55,154,112,175,174,148,298,322,284,404,157,193,292,372,327,424,463,513,0,348,255,636,811,603,1014,786,576,738,779,770,930,866,604,712,689
Pakistan,0,0,0,0,0,0,0,0,0,0,0,0,0,0,0,0,0,0,0,0,0,0,0,0,0,0,0,0,0,0,0,0,0,2,0,0,2,0,0,1,0,0,1,0,0,0,10,3,1,8,3,22,83,100,63,155,47,229,46,99,97,91,138,172,122,102,120,221,180,303,265,132,339,609,269,228,226,206,316,219,266,341,546,536,106,613,710,70,1147,511,1079,785,783,605,587,697,913,1292,1297,989,981,857,1108,2024,571,1791,2301,1598,1747,2255,962,490,3011,0,1352,1974,1841,1932,2193,2603,1743,2164,1748,1356,1446,2076,2801,2429,3039,2964,3938,4065,4801,3985,4734,4960,4728,4646,5385,0
Panama,0,0,0,0,0,0,0,0,0,0,0,0,0,0,0,0,0,0,0,0,0,0,0,0,0,0,0,0,0,0,0,0,0,0,0,0,0,0,0,0,0,0,0,0,0,0,0,1,7,3,16,9,7,12,14,17,23,28,63,113,32,0,98,115,116,112,115,88,192,0,136,158,198,128,187,112,149,279,224,222,260,166,72,102,177,265,194,63,194,191,163,345,172,200,241,242,0,357,154,188,370,0,107,326,208,137,202,212,166,168,167,161,174,150,181,157,120,141,110,139,151,310,349,257,264,281,403,400,487,445,374,258,514,435,419,541,421,429,379,656
Papua New Guinea,0,0,0,0,0,0,0,0,0,0,0,0,0,0,0,0,0,0,0,0,0,0,0,0,0,0,0,0,0,0,0,0,0,0,0,0,0,0,0,0,0,0,0,0,0,0,0,0,0,0,0,0,0,0,0,0,0,1,0,0,0,0,0,0,0,0,0,0,0,0,0,0,0,0,1,0,0,0,0,0,0,0,0,0,5,0,0,0,0,0,1,0,0,0,0,0,0,0,0,0,0,0,0,0,0,0,0,0,0,0,0,0,0,0,0,0,0,0,0,0,0,0,0,0,0,0,0,0,0,0,0,0,0,0,0,0,0,0,0,0
Paraguay,0,0,0,0,0,0,0,0,0,0,0,0,0,0,0,0,0,0,0,0,0,0,0,0,0,0,0,0,0,0,0,0,0,0,0,0,0,0,0,0,0,0,0,0,0,1,0,0,4,0,1,0,0,2,1,2,0,2,5,4,0,5,10,4,11,4,3,5,1,4,8,15,4,8,9,2,4,5,5,4,1,13,12,2,13,25,3,4,2,0,5,0,10,5,0,0,11,0,27,67,37,26,19,16,9,22,101,126,24,11,13,3,14,5,19,8,2,41,4,3,2,12,12,3,12,7,16,17,47,22,9,18,57,16,1,3,45,10,42,15
Peru,0,0,0,0,0,0,0,0,0,0,0,0,0,0,0,0,0,0,0,0,0,0,0,0,0,0,0,0,0,0,0,0,0,0,0,0,0,0,0,0,0,0,0,1,0,5,1,4,0,4,13,10,5,43,31,28,89,0,84,45,32,21,64,100,55,36,181,98,115,258,91,181,151,535,280,393,1388,914,641,951,671,2265,519,1172,1016,998,931,1208,697,1512,1413,1664,734,3683,2186,1182,2491,2741,3045,3483,2075,3394,1444,3817,3628,3709,3321,3168,2292,1515,3237,4247,4298,3891,4046,3732,2660,4550,4537,4749,2929,4056,4205,4020,5772,6154,5874,6506,7386,8805,5563,0,8875,4284,4202,4358,4757,3181,4040,5087
Philippines,0,0,0,0,0,0,0,1,0,0,1,0,0,0,0,1,0,0,0,0,0,0,0,0,0,0,0,0,0,0,0,0,0,0,0,0,0,0,0,0,0,0,0,2,1,4,10,13,16,3,12,47,29,2,45,15,15,13,77,73,82,90,84,71,96,272,343,128,538,227,322,385,76,152,414,104,106,206,119,233,220,284,291,230,207,218,209,172,200,140,111,271,211,102,285,198,181,254,276,284,156,295,262,199,320,339,120,147,184,292,264,268,258,215,214,208,205,224,279,213,163,180,258,284,350,380,539,1046,590,862,552,359,751,634,244,714,555,579,518,740
Poland,0,0,0,0,0,0,0,0,0,0,0,0,0,0,0,0,0,0,0,0,0,0,0,0,0,0,0,0,0,0,0,0,0,0,0,0,0,0,0,0,0,1,0,4,0,6,5,6,9,18,19,35,16,58,61,13,104,70,111,98,115,152,150,170,168,249,224,193,256,243,392,437,244,475,311,435,357,370,380,401,318,260,268,380,336,461,363,545,306,263,313,342,381,381,344,285,316,422,237,228,270,318,313,425,309,307,319,285,345,330,595,283,411,401,241,272,356,383,471,404,476,312,395,305,443,399,352,330,416,215,379,230,292,361,362,576,575,599,400,282
Portugal,0,0,0,0,0,0,0,0,0,0,0,0,0,0,0,0,0,0,0,0,0,0,0,0,0,0,0,0,0,0,0,0,0,0,0,0,0,0,0,2,0,3,3,5,7,10,0,11,18,0,53,57,76,86,117,0,337,235,260,320,460,302,633,549,724,902,792,446,1035,808,783,852,638,754,452,712,699,815,1516,515,598,349,514,643,750,181,663,521,657,516,603,371,444,595,472,163,295,183,540,306,-161,92,242,178,480,533,553,138,175,98,234,219,187,264,227,226,173,223,228,252,288,271,152,165,219,285,304,350,257,297,200,195,366,331,377,382,342,192,421,294
Qatar,0,0,0,0,0,0,0,0,0,0,0,0,0,0,0,0,0,0,0,0,0,0,0,0,0,0,0,0,0,0,0,0,0,0,0,0,0,1,2,0,4,1,0,0,0,7,3,6,238,0,58,17,64,38,0,13,8,10,11,13,7,25,11,12,13,28,44,59,88,54,114,126,250,279,228,225,153,166,136,216,251,252,197,283,392,560,345,440,567,518,608,623,761,833,929,957,677,643,845,687,776,679,640,951,830,918,1311,1130,1189,1103,1526,1390,1733,1153,1547,1632,1365,1637,1491,1554,1830,1732,1501,1751,1742,1740,1967,1993,2355,1648,1523,1826,1901,1581,1754,1700,1595,1368,1721,1716
Romania,0,0,0,0,0,0,0,0,0,0,0,0,0,0,0,0,0,0,0,0,0,0,0,0,0,0,0,0,0,0,0,0,0,0,1,0,2,0,0,0,0,1,2,3,0,6,0,10,20,4,40,34,8,27,26,76,17,31,59,66,143,218,112,123,263,160,363,294,136,215,278,445,430,251,193,360,344,441,265,523,310,333,246,337,491,360,351,328,190,306,468,386,321,218,401,303,277,362,262,327,165,431,349,325,270,392,312,320,231,226,190,224,245,190,267,167,165,155,196,198,127,145,213,213,146,165,197,191,151,124,141,119,152,238,196,187,189,125,145,196
Russia,0,0,0,0,0,0,0,0,2,0,0,0,0,0,0,0,0,0,0,0,0,0,0,0,0,0,0,0,0,0,0,0,0,0,0,0,0,0,0,1,0,0,1,9,0,4,0,3,0,8,17,14,4,27,24,33,52,54,53,61,71,57,163,182,196,228,270,302,501,440,771,601,582,658,954,1154,1175,1459,1786,1667,2186,2558,2774,3388,3448,4070,4785,6060,4268,5642,5236,4774,5849,5966,6361,6198,6411,5841,7099,7933,9623,10633,10581,10102,10559,11231,10699,10817,11012,11656,10899,10028,9974,10598,9200,9709,8926,9263,8764,8849,8894,9434,8599,8946,8915,8338,8371,8572,8952,9268,8485,8858,8529,8823,8718,8846,8971,8970,8587,8393
Rwanda,0,0,0,0,0,0,0,0,0,0,0,0,0,0,0,0,0,0,0,0,0,0,0,0,0,0,0,0,0,0,0,0,0,0,0,0,0,0,0,0,0,0,0,0,0,0,0,0,0,0,0,1,0,4,2,1,0,9,0,2,17,4,1,9,4,6,10,0,5,7,2,5,13,2,1,0,5,0,8,2,6,1,7,2,2,5,1,3,0,3,3,1,22,7,8,16,5,13,18,6,6,4,2,0,7,3,2,7,4,1,1,1,0,0,2,3,5,11,6,6,1,4,2,9,3,7,3,6,4,11,7,7,13,13,10,11,8,12,12,13
Saint Kitts and Nevis,0,0,0,0,0,0,0,0,0,0,0,0,0,0,0,0,0,0,0,0,0,0,0,0,0,0,0,0,0,0,0,0,0,0,0,0,0,0,0,0,0,0,0,0,0,0,0,0,0,0,0,0,0,0,0,0,0,0,0,0,0,0,2,0,0,0,0,5,1,0,1,0,0,1,0,1,0,0,1,0,0,0,2,0,0,0,0,0,1,0,0,0,0,0,0,0,0,0,0,0,0,0,0,0,0,0,0,0,0,0,0,0,0,0,0,0,0,0,0,0,0,0,0,0,0,0,0,0,0,0,0,0,0,0,0,0,0,0,0,0
Saint Lucia,0,0,0,0,0,0,0,0,0,0,0,0,0,0,0,0,0,0,0,0,0,0,0,0,0,0,0,0,0,0,0,0,0,0,0,0,0,0,0,0,0,0,0,0,0,0,0,0,0,0,0,1,1,0,0,0,0,0,0,0,1,0,0,0,0,0,6,0,4,0,0,0,1,0,0,0,0,0,1,0,0,0,0,0,0,0,0,0,0,0,0,0,0,0,0,0,0,2,0,0,0,1,0,0,0,0,0,0,0,0,0,0,0,0,0,0,0,0,0,0,0,0,0,0,0,0,0,0,0,0,0,0,0,1,0,0,0,0,0,0
Saint Vincent and the Grenadines,0,0,0,0,0,0,0,0,0,0,0,0,0,0,0,0,0,0,0,0,0,0,0,0,0,0,0,0,0,0,0,0,0,0,0,0,0,0,0,0,0,0,0,0,0,0,0,0,0,0,0,1,0,0,0,0,0,0,0,0,0,0,0,0,0,0,0,0,0,0,1,1,4,0,0,1,0,4,0,0,0,0,0,0,0,0,0,0,0,0,1,0,1,0,0,1,0,1,0,0,0,0,1,0,0,0,0,0,0,0,0,0,0,0,0,0,0,0,1,0,0,0,0,0,0,0,7,1,0,0,0,0,0,0,0,0,1,0,0,0
San Marino,0,0,0,0,0,0,0,0,0,0,0,0,0,0,0,0,0,0,0,0,0,0,0,0,0,0,0,0,0,0,0,0,0,0,0,1,0,0,0,7,2,6,5,0,2,13,0,15,11,7,11,0,21,8,0,10,0,25,0,31,12,0,21,0,15,1,0,6,6,0,9,0,14,7,0,13,0,54,11,12,0,0,15,1,54,9,20,6,1,14,12,13,12,0,25,0,15,10,6,11,0,2,0,7,19,14,1,14,-9,0,10,5,5,4,1,1,0,1,1,2,3,4,0,1,0,1,3,1,0,0,0,1,2,4,2,0,0,7,1,3
Sao Tome and Principe,0,0,0,0,0,0,0,0,0,0,0,0,0,0,0,0,0,0,0,0,0,0,0,0,0,0,0,0,0,0,0,0,0,0,0,0,0,0,0,0,0,0,0,0,0,0,0,0,0,0,0,0,0,0,0,0,0,0,0,0,0,0,0,0,0,0,0,0,0,0,0,0,0,0,4,0,0,0,0,0,0,0,0,0,0,0,0,0,0,0,0,0,0,0,0,0,4,0,6,2,0,0,7,151,0,13,21,0,0,0,0,12,15,0,0,0,11,5,0,0,0,0,0,48,142,2,15,5,16,4,1,0,0,1,14,0,14,0,1,97
Saudi Arabia,0,0,0,0,0,0,0,0,0,0,0,0,0,0,0,0,0,0,0,0,0,0,0,0,0,0,0,0,0,0,0,0,0,0,0,0,0,0,0,1,0,0,4,0,0,6,4,5,1,24,41,17,0,15,53,0,103,70,48,119,51,205,133,112,92,99,96,154,110,157,165,154,140,223,203,190,137,355,364,382,429,472,435,493,518,762,1132,1088,1122,1147,1141,1158,1172,1197,1223,1289,1266,1325,1351,1344,1362,1552,1645,1595,1687,1793,1701,1704,1912,1966,1911,1905,2039,2307,2840,2736,2593,2509,2691,2532,2642,2442,2399,2235,1931,1815,1644,1581,1618,1877,1881,1869,2171,1975,2591,3121,3045,3369,3288,3717
Senegal,0,0,0,0,0,0,0,0,0,0,0,0,0,0,0,0,0,0,0,0,0,0,0,0,0,0,0,0,0,0,0,0,0,0,0,0,0,0,0,1,1,2,0,0,0,0,0,0,0,0,6,0,14,0,2,5,0,7,9,20,12,7,13,6,14,11,12,20,13,15,5,12,12,3,4,11,7,6,15,13,2,11,8,15,21,7,8,17,10,35,30,37,66,69,57,65,87,59,51,91,91,67,89,58,104,59,59,83,75,177,109,110,84,121,119,51,64,73,97,98,97,67,71,83,31,92,95,81,106,110,94,97,96,89,134,94,79,99,89,124
Serbia,0,0,0,0,0,0,0,0,0,0,0,0,0,0,0,0,0,0,0,0,0,0,0,0,0,0,0,0,0,0,0,0,0,0,0,0,0,0,0,0,0,0,0,1,0,0,0,4,7,7,16,11,2,7,10,18,20,32,36,51,27,54,81,0,73,202,82,44,115,160,111,305,148,284,292,247,219,201,238,275,250,424,411,408,445,372,304,324,312,260,254,132,207,296,263,233,222,227,285,0,353,102,93,120,114,57,95,89,0,144,67,52,79,64,58,114,89,34,100,86,105,68,67,34,34,48,25,54,27,31,18,24,69,48,96,74,82,73,69,66
Seychelles,0,0,0,0,0,0,0,0,0,0,0,0,0,0,0,0,0,0,0,0,0,0,0,0,0,0,0,0,0,0,0,0,0,0,0,0,0,0,0,0,0,0,0,0,0,0,0,0,0,0,0,2,0,1,1,0,2,1,0,0,0,0,0,0,0,1,0,0,2,0,0,0,0,0,1,0,0,0,0,0,0,0,0,0,0,0,0,0,0,0,0,0,0,0,0,0,0,0,0,0,0,0,0,0,0,0,0,0,0,0,0,0,0,0,0,0,0,0,0,0,0,0,0,0,0,0,0,0,0,0,0,0,0,0,0,0,0,0,0,0
Sierra Leone,0,0,0,0,0,0,0,0,0,0,0,0,0,0,0,0,0,0,0,0,0,0,0,0,0,0,0,0,0,0,0,0,0,0,0,0,0,0,0,0,0,0,0,0,0,0,0,0,0,0,0,0,0,0,0,0,0,0,0,0,0,0,0,0,0,0,0,0,1,1,0,0,2,2,0,0,1,0,1,0,2,0,1,2,2,11,4,5,8,7,11,3,18,0,11,0,11,0,20,12,19,11,12,21,26,6,26,34,16,31,0,49,21,39,15,43,14,15,36,15,21,15,86,28,19,28,30,17,23,9,4,31,13,5,15,17,23,32,24,37
Singapore,1,2,0,1,1,2,0,3,3,3,2,0,6,4,0,2,3,7,5,2,3,8,9,5,3,2,4,3,0,1,0,4,0,2,2,0,0,9,4,2,2,0,7,13,8,12,0,10,18,0,22,12,14,17,23,47,32,40,47,23,54,49,73,52,49,70,42,35,47,74,49,65,75,120,66,106,142,287,198,191,233,386,334,447,728,623,942,596,1426,1111,1016,1037,897,618,931,799,528,690,528,932,447,657,573,632,788,741,768,753,876,486,849,675,752,793,465,682,305,451,570,448,614,642,548,344,383,533,373,611,506,518,408,544,569,517,261,344,383,386,218,451
Slovakia,0,0,0,0,0,0,0,0,0,0,0,0,0,0,0,0,0,0,0,0,0,0,0,0,0,0,0,0,0,0,0,0,0,0,0,0,0,0,0,0,0,0,0,1,0,2,0,4,3,6,16,12,10,9,9,33,18,14,41,7,1,18,12,10,43,23,22,22,27,37,26,24,21,14,49,47,101,19,14,13,14,27,66,28,114,72,40,72,12,26,45,81,35,13,6,2,3,7,5,7,4,1,5,8,8,16,10,0,2,0,8,4,8,3,13,1,1,0,1,6,1,1,5,2,2,2,5,0,1,0,1,0,3,1,0,2,0,2,1,2
Slovenia,0,0,0,0,0,0,0,0,0,0,0,0,0,0,0,0,0,0,0,0,0,0,0,0,0,0,0,0,0,0,0,0,0,0,0,0,0,0,0,0,0,0,2,5,0,9,0,15,26,32,52,40,38,34,22,0,11,55,42,31,28,38,48,34,70,52,46,26,46,39,56,37,43,20,24,38,32,33,36,28,17,7,8,28,20,36,13,13,5,9,9,13,7,15,8,6,6,10,11,5,5,0,0,6,3,1,1,4,3,3,1,2,1,1,0,1,0,1,1,0,0,0,0,1,0,2,2,0,0,0,0,2,2,0,2,5,1,0,1,2
Somalia,0,0,0,0,0,0,0,0,0,0,0,0,0,0,0,0,0,0,0,0,0,0,0,0,0,0,0,0,0,0,0,0,0,0,0,0,0,0,0,0,0,0,0,0,0,0,0,0,0,0,0,0,0,1,0,0,0,0,0,0,0,0,0,1,1,0,0,0,2,0,0,2,0,0,0,1,4,0,9,0,4,35,0,20,0,36,19,29,73,49,0,42,0,62,46,44,48,54,19,0,70,51,34,79,38,55,0,69,57,35,81,49,65,0,73,64,34,47,71,21,0,0,0,95,22,20,97,0,88,60,47,66,57,58,0,85,45,34,48,36
South Africa,0,0,0,0,0,0,0,0,0,0,0,0,0,0,0,0,0,0,0,0,0,0,0,0,0,0,0,0,0,0,0,0,0,0,0,0,0,0,0,0,0,0,1,0,0,2,0,4,6,4,7,14,13,11,0,54,34,52,38,34,128,152,155,218,243,17,93,46,27,27,82,43,80,70,31,63,96,89,69,25,145,99,143,91,99,178,251,124,142,165,170,318,267,141,185,247,203,354,297,304,385,447,437,352,236,424,663,525,595,637,698,724,665,785,831,1160,918,767,803,1134,988,1218,1240,1032,649,1673,1466,1837,1727,1716,1674,1455,1713,3267,2642,2539,2312,2594,2112,2430
South Sudan,0,0,0,0,0,0,0,0,0,0,0,0,0,0,0,0,0,0,0,0,0,0,0,0,0,0,0,0,0,0,0,0,0,0,0,0,0,0,0,0,0,0,0,0,0,0,0,0,0,0,0,0,0,0,0,0,0,0,0,0,0,0,0,0,0,0,0,0,0,0,0,0,0,1,0,1,0,1,1,0,0,0,0,0,0,0,0,0,0,0,0,1,0,0,1,0,28,0,1,10,0,1,0,6,6,16,46,0,0,36,38,9,0,33,0,54,0,0,0,191,82,92,0,151,0,188,0,0,0,0,0,0,0,0,0,0,323,287,0,0
Spain,0,0,0,0,0,0,0,0,0,1,0,0,0,0,0,0,0,1,0,0,0,0,0,0,0,0,0,0,0,0,0,0,0,4,7,2,17,13,39,36,45,57,37,141,100,173,400,622,582,0,2955,1159,1407,2144,1806,2162,4053,2447,4964,3394,6368,4749,9630,8271,7933,7516,6875,7846,7967,8195,7947,7134,6969,5478,5029,5267,6278,5002,5051,4754,3804,3268,2442,5103,7304,5891,887,6948,1536,3968,4211,4635,-10034,2915,1729,1831,1308,2144,518,1781,1366,884,545,1318,996,1122,1410,721,772,3086,594,661,849,643,515,0,908,431,518,482,1787,466,482,-372,859,0,1647,658,664,251,159,294,394,334,318,332,240,167,249,314
Sri Lanka,0,0,0,0,1,0,0,0,0,0,0,0,0,0,0,0,0,0,0,0,0,0,0,0,0,0,0,0,0,0,0,0,0,0,0,0,0,0,0,0,0,0,0,0,0,0,0,0,1,0,4,4,8,10,16,7,9,13,4,5,15,5,0,4,0,7,4,5,21,3,5,8,7,10,2,7,4,1,0,8,12,7,16,5,0,6,10,17,33,6,20,38,52,40,63,65,31,30,14,27,15,13,33,20,26,27,11,12,16,6,20,26,10,10,25,21,11,35,1,27,13,21,52,41,137,150,61,28,62,13,10,40,66,48,4,13,21,22,2,10
Sudan,0,0,0,0,0,0,0,0,0,0,0,0,0,0,0,0,0,0,0,0,0,0,0,0,0,0,0,0,0,0,0,0,0,0,0,0,0,0,0,0,0,0,0,0,0,0,0,0,0,0,1,0,0,0,0,1,0,0,0,0,0,1,0,0,0,2,1,0,1,0,1,2,0,2,0,2,0,1,2,2,0,10,3,0,0,1,33,0,41,0,33,34,0,39,24,38,43,57,67,91,59,0,86,100,74,78,181,53,201,161,135,157,0,146,325,0,302,137,0,410,240,250,192,156,0,370,0,175,279,226,147,137,189,215,151,216,0,161,185,155
Suriname,0,0,0,0,0,0,0,0,0,0,0,0,0,0,0,0,0,0,0,0,0,0,0,0,0,0,0,0,0,0,0,0,0,0,0,0,0,0,0,0,0,0,0,0,0,0,0,0,0,0,0,1,0,0,0,0,0,3,0,1,0,2,1,0,0,0,0,0,1,1,0,0,0,0,0,0,0,0,0,0,0,0,0,0,0,0,0,0,0,0,0,0,0,0,0,0,0,0,0,0,0,0,0,0,0,0,0,0,0,0,0,0,0,0,0,0,1,0,0,0,0,0,0,0,0,1,0,0,2,9,21,10,20,8,8,10,22,6,9,7
Sweden,0,0,0,0,0,0,0,0,1,0,0,0,0,0,0,0,0,0,0,0,0,0,0,0,0,0,0,0,0,0,0,0,0,0,1,5,0,5,2,1,6,14,59,7,60,42,45,107,145,99,215,147,61,81,87,89,160,200,124,171,112,240,240,314,229,378,253,328,407,512,621,563,312,387,376,487,726,722,544,466,332,465,497,482,613,676,606,563,392,545,682,751,812,610,463,286,695,681,790,428,562,235,404,495,702,705,642,656,401,348,602,637,673,625,470,466,234,422,724,649,637,379,271,384,597,648,639,749,637,429,272,775,2214,1080,1056,948,843,403,791,890
Switzerland,0,0,0,0,0,0,0,0,0,0,0,0,0,0,0,0,0,0,0,0,0,0,0,0,0,0,0,0,0,0,0,0,0,1,0,7,0,10,9,15,14,34,24,100,54,69,37,117,161,0,487,220,841,0,500,328,1047,1219,1281,899,1321,1082,1020,914,1117,1148,753,1093,683,1163,1059,779,899,595,557,596,1027,771,500,556,308,273,248,400,396,346,326,336,204,119,205,228,181,217,167,103,100,143,179,119,112,88,76,28,51,66,81,44,54,39,36,33,50,51,58,15,10,21,40,36,13,18,11,10,15,15,20,32,17,17,9,3,19,20,23,20,9,7,16,23
Syria,0,0,0,0,0,0,0,0,0,0,0,0,0,0,0,0,0,0,0,0,0,0,0,0,0,0,0,0,0,0,0,0,0,0,0,0,0,0,0,0,0,0,0,0,0,0,0,0,0,0,0,0,0,0,0,0,0,0,0,1,0,0,4,0,0,0,4,1,0,0,6,0,0,3,0,0,0,0,0,6,0,0,4,4,0,5,0,1,0,3,0,0,0,0,1,0,0,0,0,1,0,0,0,0,1,0,2,0,0,0,0,1,0,2,1,7,0,0,0,0,1,11,16,20,15,0,1,0,0,0,1,0,0,1,0,1,16,3,2,6
Taiwan*,0,2,0,1,1,3,0,1,1,0,0,0,1,0,5,0,1,1,0,0,0,0,0,0,2,2,0,1,1,2,0,2,2,1,1,0,2,5,1,1,1,0,2,1,0,0,0,2,1,1,1,3,6,8,10,23,8,27,18,16,26,20,20,17,15,16,15,8,16,7,10,9,7,8,10,3,3,1,2,3,3,5,0,2,0,0,3,22,2,3,1,1,1,1,0,0,0,0,0,0,3,4,2,0,1,1,0,0,0,0,0,0,0,0,0,0,0,0,0,0,1,0,0,0,0,0,0,1,0,0,1,0,0,0,0,0,0,0,0,0
Tajikistan,0,0,0,0,0,0,0,0,0,0,0,0,0,0,0,0,0,0,0,0,0,0,0,0,0,0,0,0,0,0,0,0,0,0,0,0,0,0,0,0,0,0,0,0,0,0,0,0,0,0,0,0,0,0,0,0,0,0,0,0,0,0,0,0,0,0,0,0,0,0,0,0,0,0,0,0,0,0,0,0,0,0,0,0,0,0,0,0,0,0,0,0,0,0,0,0,0,0,15,0,61,52,102,63,86,82,61,90,0,49,68,72,106,211,204,202,205,207,204,210,201,187,191,171,166,158,139,123,121,123,83,87,91,98,81,83,76,80,81,73
Tanzania,0,0,0,0,0,0,0,0,0,0,0,0,0,0,0,0,0,0,0,0,0,0,0,0,0,0,0,0,0,0,0,0,0,0,0,0,0,0,0,0,0,0,0,0,0,0,0,0,0,0,0,0,0,1,0,2,3,0,0,6,0,0,0,1,0,1,0,5,0,1,0,0,0,2,2,0,1,0,7,0,0,17,4,35,6,53,0,23,84,0,30,0,15,0,0,0,0,181,0,0,0,0,0,0,0,0,29,0,0,0,0,0,0,0,0,0,0,0,0,0,0,0,0,0,0,0,0,0,0,0,0,0,0,0,0,0,0,0,0,0
Thailand,1,2,2,1,0,6,0,0,5,0,0,0,6,0,0,0,7,0,0,1,0,0,0,0,1,1,0,0,0,0,0,0,0,2,3,0,1,1,0,1,0,0,4,1,2,0,0,3,6,11,5,7,32,33,30,35,60,50,89,188,122,106,107,111,91,109,143,136,127,120,104,103,89,102,51,38,111,54,50,45,33,28,34,30,29,28,33,32,27,19,15,13,68,0,15,9,7,9,7,6,6,3,18,1,1,3,8,4,5,6,2,0,1,7,0,3,3,2,1,3,0,3,0,2,3,9,11,11,1,4,1,1,1,17,1,2,8,7,2,4
Timor-Leste,0,0,0,0,0,0,0,0,0,0,0,0,0,0,0,0,0,0,0,0,0,0,0,0,0,0,0,0,0,0,0,0,0,0,0,0,0,0,0,0,0,0,0,0,0,0,0,0,0,0,0,0,0,0,0,0,0,0,0,1,0,0,0,0,0,0,0,0,0,0,0,0,0,0,0,0,0,0,1,0,0,2,2,2,10,0,0,1,3,1,0,0,1,0,0,0,0,0,0,0,0,0,0,0,0,0,0,0,0,0,0,0,0,0,0,0,0,0,0,0,0,0,0,0,0,0,0,0,0,0,0,0,0,0,0,0,0,0,0,0
Togo,0,0,0,0,0,0,0,0,0,0,0,0,0,0,0,0,0,0,0,0,0,0,0,0,0,0,0,0,0,0,0,0,0,0,0,0,0,0,0,0,0,0,0,1,0,0,0,0,0,0,0,0,0,0,0,0,0,8,7,0,2,2,3,0,2,0,0,5,4,2,3,1,1,3,14,7,5,3,3,0,0,1,0,4,0,2,1,0,0,2,2,0,2,6,2,0,1,10,7,7,0,1,2,2,0,7,10,8,21,7,18,20,19,25,35,3,29,8,2,14,9,10,8,5,5,4,27,6,5,9,1,2,7,13,20,2,8,2,4,21
Trinidad and Tobago,0,0,0,0,0,0,0,0,0,0,0,0,0,0,0,0,0,0,0,0,0,0,0,0,0,0,0,0,0,0,0,0,0,0,0,0,0,0,0,0,0,0,0,0,0,0,0,0,0,0,0,2,0,2,1,2,2,0,40,1,1,6,3,5,1,8,4,4,5,3,4,4,5,1,1,2,0,2,0,3,1,0,0,1,0,0,0,0,0,1,0,0,0,0,0,1,0,0,0,0,0,0,0,0,0,0,0,0,0,0,0,0,0,0,0,0,0,0,0,0,0,0,0,0,0,0,0,0,1,0,0,0,0,0,0,0,0,0,0,0
Tunisia,0,0,0,0,0,0,0,0,0,0,0,0,0,0,0,0,0,0,0,0,0,0,0,0,0,0,0,0,0,0,0,0,0,0,0,0,0,0,0,0,0,1,0,0,0,1,0,3,2,0,9,2,0,2,4,5,10,15,6,15,14,25,59,24,30,51,34,0,82,29,32,40,58,21,22,27,5,15,28,14,22,19,21,33,42,42,0,15,5,0,25,9,4,17,10,18,8,5,14,4,11,4,5,4,3,1,4,2,0,0,0,0,0,3,2,0,6,1,1,1,2,0,3,0,0,0,17,3,5,1,7,2,1,0,0,0,0,0,0,0
Turkey,0,0,0,0,0,0,0,0,0,0,0,0,0,0,0,0,0,0,0,0,0,0,0,0,0,0,0,0,0,0,0,0,0,0,0,0,0,0,0,0,0,0,0,0,0,0,0,0,1,0,4,0,1,12,29,51,94,167,311,566,293,343,561,1196,2069,1704,1815,1610,2704,2148,2456,2786,3013,3135,3148,3892,4117,4056,4747,5138,4789,4093,4062,4281,4801,4353,3783,3977,4674,4611,3083,3116,3122,2861,2357,2131,2392,2936,2615,2188,1983,1670,1614,1832,2253,1977,1848,1546,1542,1114,1704,1639,1635,1708,1610,1368,1158,1022,972,961,952,1186,1141,987,948,1035,1182,1141,983,839,827,786,867,988,930,878,914,989,993,922
US,0,1,0,3,0,0,0,0,2,1,0,3,0,0,0,0,0,0,0,1,0,1,0,0,0,0,0,0,0,2,0,0,36,0,6,1,2,8,6,24,20,31,70,48,136,116,69,374,323,382,514,548,807,1125,1776,1344,5967,5526,6326,7680,10582,10063,11919,17992,18126,19824,19124,21237,26025,25430,30406,31790,33229,27775,29515,30804,31533,34673,33519,29930,28537,25311,27046,29004,31307,32081,32528,26219,25899,27157,28486,28819,36188,32796,27631,22412,24385,27327,29515,34037,29078,25501,22335,23976,24980,27692,26906,25621,19710,18621,21495,21030,27368,25050,24996,18937,21551,20260,23285,25294,23790,21675,20634,19056,18611,18263,22577,24266,24146,20007,20848,20801,19699,21140,29972,23133,18117,17546,11802,27234
Uganda,0,0,0,0,0,0,0,0,0,0,0,0,0,0,0,0,0,0,0,0,0,0,0,0,0,0,0,0,0,0,0,0,0,0,0,0,0,0,0,0,0,0,0,0,0,0,0,0,0,0,0,0,0,0,0,0,0,0,1,0,8,0,5,0,9,7,3,0,11,0,1,3,0,4,0,0,1,0,0,0,1,0,1,0,0,1,-1,0,1,5,2,11,1,0,4,0,0,2,2,2,3,1,8,1,2,1,0,15,5,0,8,10,21,43,24,0,21,12,4,-104,15,23,0,24,31,28,36,12,84,4,40,32,18,15,35,36,23,30,11,8
Ukraine,0,0,0,0,0,0,0,0,0,0,0,0,0,0,0,0,0,0,0,0,0,0,0,0,0,0,0,0,0,0,0,0,0,0,0,0,0,0,0,0,1,0,0,0,0,0,0,0,0,0,2,0,0,4,7,0,2,13,18,26,0,24,48,51,114,46,119,73,97,149,103,175,153,83,11,143,206,224,311,308,266,325,270,392,397,501,444,343,261,415,467,578,477,478,492,392,401,456,540,455,550,502,418,366,487,507,504,515,522,416,375,402,422,483,528,433,325,260,354,476,442,432,406,259,339,321,477,429,393,468,890,333,490,596,561,559,498,478,402,536
United Arab Emirates,0,0,0,0,0,0,4,0,0,0,1,0,0,0,0,0,2,0,1,0,0,0,0,0,1,0,0,0,0,0,4,0,0,0,0,0,6,2,0,0,6,0,2,0,16,0,0,29,0,11,0,0,13,0,0,15,27,0,13,0,45,50,85,0,72,63,102,41,53,150,210,240,241,294,277,283,300,331,370,376,387,398,412,432,460,477,0,479,484,490,483,518,525,532,536,490,541,549,552,557,561,564,567,462,546,502,553,624,781,680,783,725,698,747,796,731,832,873,941,894,994,812,781,822,779,883,563,638,726,661,635,596,571,659,624,626,540,568,528,603
United Kingdom,0,0,0,0,0,0,0,0,2,0,0,0,0,0,0,1,0,0,5,0,1,0,0,0,0,0,0,0,0,0,0,0,4,0,0,2,5,3,13,4,11,35,30,48,43,67,48,62,75,0,343,342,1,406,409,682,74,1298,1053,678,981,1438,1476,2172,2933,2567,2468,2673,3028,4384,4308,4516,3788,5959,3843,3670,5525,4398,8733,5269,5332,4364,5275,4638,4662,5624,5545,5858,4684,4316,4466,4608,5394,4929,4468,4311,4002,4091,6040,6204,4815,4342,3990,4411,6116,5618,4652,3896,3924,3883,3409,3244,3455,3564,3457,3534,2714,2429,-519,2627,3298,2960,2412,1631,4052,2020,1889,2099,1612,1937,1580,1656,1878,1809,1655,1560,1327,1213,1747,1007
Uruguay,0,0,0,0,0,0,0,0,0,0,0,0,0,0,0,0,0,0,0,0,0,0,0,0,0,0,0,0,0,0,0,0,0,0,0,0,0,0,0,0,0,0,0,0,0,0,0,0,0,0,4,2,2,21,21,29,15,16,25,23,4,27,28,21,36,29,6,11,18,12,19,17,14,6,9,9,32,17,21,7,-21,3,9,1,9,6,9,11,7,8,6,8,6,33,10,14,5,5,13,5,4,3,2,13,3,11,10,8,5,4,6,2,5,8,1,1,3,1,8,3,4,11,5,18,2,14,8,5,5,2,2,1,2,4,2,11,0,0,1,1
Uzbekistan,0,0,0,0,0,0,0,0,0,0,0,0,0,0,0,0,0,0,0,0,0,0,0,0,0,0,0,0,0,0,0,0,0,0,0,0,0,0,0,0,0,0,0,0,0,0,0,0,0,0,0,0,1,5,4,5,8,10,10,0,3,4,10,15,13,16,40,5,23,9,24,22,39,76,115,63,25,37,42,143,98,133,167,137,47,56,85,75,62,51,38,42,46,58,7,35,35,63,37,47,32,31,40,18,26,65,27,24,69,68,33,93,33,41,52,15,38,64,84,25,64,87,49,25,101,79,75,24,78,77,79,58,83,96,68,87,237,109,80,103
Venezuela,0,0,0,0,0,0,0,0,0,0,0,0,0,0,0,0,0,0,0,0,0,0,0,0,0,0,0,0,0,0,0,0,0,0,0,0,0,0,0,0,0,0,0,0,0,0,0,0,0,0,0,2,8,7,16,3,6,0,28,0,7,7,7,16,0,12,0,16,0,8,3,7,2,4,6,0,2,4,0,4,6,8,0,8,7,0,23,29,0,29,3,23,7,5,2,4,0,2,2,2,10,12,0,4,18,2,7,14,12,8,1,0,32,4,45,37,77,131,75,58,62,66,111,56,34,34,80,45,89,51,152,157,133,135,58,171,61,96,159,106
Vietnam,2,0,0,0,0,0,0,0,0,4,0,2,0,0,2,0,3,0,1,1,0,1,0,0,0,0,0,0,0,0,0,0,0,0,0,0,0,0,0,0,0,0,0,0,2,12,0,1,7,1,8,6,3,5,5,9,10,6,3,19,10,11,7,12,10,11,14,15,9,6,15,4,3,1,4,4,2,4,2,1,4,3,1,1,1,0,0,0,0,0,0,0,2,0,0,0,0,0,0,0,0,1,0,0,0,17,0,0,0,0,0,0,24,2,4,2,4,0,0,0,0,1,0,1,1,0,0,1,0,0,0,0,0,0,0,1,2,1,0,0
West Bank and Gaza,0,0,0,0,0,0,0,0,0,0,0,0,0,0,0,0,0,0,0,0,0,0,0,0,0,0,0,0,0,0,0,0,0,0,0,0,0,0,0,0,0,0,4,3,9,0,3,7,4,0,1,4,3,0,1,2,3,3,1,4,7,0,0,25,7,7,11,7,3,15,27,33,23,20,17,7,2,0,4,1,3,2,11,7,3,13,6,6,10,0,6,1,4,2,0,0,1,1,0,9,0,0,9,9,3,1,0,0,0,0,0,0,0,0,1,5,7,3,7,25,0,0,0,0,6,5,12,0,1,1,1,2,6,7,0,0,8,1,8,4
Western Sahara,0,0,0,0,0,0,0,0,0,0,0,0,0,0,0,0,0,0,0,0,0,0,0,0,0,0,0,0,0,0,0,0,0,0,0,0,0,0,0,0,0,0,0,0,0,0,0,0,0,0,0,0,0,0,0,0,0,0,0,0,0,0,0,0,0,0,0,0,0,0,0,0,0,4,0,0,0,0,0,0,2,0,0,0,0,0,0,0,0,0,0,0,0,0,0,0,0,0,0,0,0,0,0,0,0,0,0,0,0,0,0,0,0,0,0,0,0,0,0,0,0,0,3,0,0,0,0,0,0,0,0,0,0,0,0,0,0,0,0,0
Yemen,0,0,0,0,0,0,0,0,0,0,0,0,0,0,0,0,0,0,0,0,0,0,0,0,0,0,0,0,0,0,0,0,0,0,0,0,0,0,0,0,0,0,0,0,0,0,0,0,0,0,0,0,0,0,0,0,0,0,0,0,0,0,0,0,0,0,0,0,0,0,0,0,0,0,0,0,0,0,1,0,0,0,0,0,0,0,0,0,0,0,0,0,0,0,0,0,0,5,0,1,3,0,2,10,3,0,9,0,17,5,9,5,15,21,16,6,2,37,17,13,12,3,10,11,16,7,22,5,27,13,31,45,20,34,16,13,2,12,28,36
Zambia,0,0,0,0,0,0,0,0,0,0,0,0,0,0,0,0,0,0,0,0,0,0,0,0,0,0,0,0,0,0,0,0,0,0,0,0,0,0,0,0,0,0,0,0,0,0,0,0,0,0,0,0,0,0,0,2,0,0,0,1,0,0,9,4,6,6,1,6,0,1,3,0,0,0,0,0,0,0,1,0,3,2,0,3,0,4,5,4,4,5,4,2,8,0,4,0,7,2,9,3,10,5,13,1,8,7,14,85,15,0,174,5,208,0,25,74,8,11,60,34,54,0,0,0,0,137,0,0,0,0,32,0,0,0,0,0,0,111,0,0
Zimbabwe,0,0,0,0,0,0,0,0,0,0,0,0,0,0,0,0,0,0,0,0,0,0,0,0,0,0,0,0,0,0,0,0,0,0,0,0,0,0,0,0,0,0,0,0,0,0,0,0,0,0,0,0,0,0,0,0,0,1,2,0,0,0,0,0,2,2,0,0,1,0,1,0,0,0,1,1,0,0,2,1,0,3,0,6,0,1,1,0,0,3,0,0,1,2,0,1,0,0,8,0,-6,0,0,0,0,0,0,1,1,0,0,1,0,5,0,2,2,0,2,3,0,5,0,0,0,76,17,0,25,4,25,3,16,15,28,14,3,5,27,6
